ID,Name,Path,IsDirectory,SizeFormatted,SizeBytes,MimeType,ModifiedTime,MD5Checksum,WebViewLink
1pkUxloU5QUfLWGn_EpQ35MG66dlz8KdD,To-add,To-add,True,N/A,,application/vnd.google-apps.folder,2026-05-11T17:14:00.858Z,,
1LIr6sqlc4gzsFmGkC0lNQvWa4OmOZJnW,u. banner.jpg,u. banner.jpg,False,1.98 MB,2072296,image/jpeg,2026-05-11T16:22:48.105Z,666bf3ce880ceb05d11ddf67a9c7321d,
1lMJyh5RSg1Gm9mwAbhFxJtJE60Fr6YGr,poster.jpg,poster.jpg,False,3.11 MB,3260894,image/jpeg,2026-05-11T16:22:35.951Z,6f6aa09326e20595b299a4636af77887,
1XXoVKdCTYhZ3aPm1zsFaHrYjd-MYEIq4,landscape.jpg,landscape.jpg,False,818.11 KB,837746,image/jpeg,2026-05-11T16:22:23.451Z,f633b3f19e5966deaa43b9ffbcbef7f4,
1huiu5yaH2nGUrCHmadJnegVuJiUCXEb8,inside.txt,inside.txt,False,12.87 KB,13174,text/plain,2026-05-11T16:22:09.795Z,7bf97d8cfc0548569da8c3d98a8b1e03,
13cOK1v4I7aLl5xaOOUyGBw3lKLGMW-NB,fanart.jpg,fanart.jpg,False,1.14 MB,1191635,image/jpeg,2026-05-11T16:21:57.181Z,e91e3a775253756b83963da234239f1a,
1s2jmYfdd0I7fkTXyqrHxEZH690imubh-,clearlogo.png,clearlogo.png,False,69.68 KB,71348,image/png,2026-05-11T16:21:42.222Z,1499be37a5c16cf067b8cbbbea9de4d8,
1BiR37Qlsa9toLD49JQ-34VAC5mCCF7K5,before.txt,before.txt,False,46.04 KB,47149,text/plain,2026-05-11T16:21:30.552Z,28fdc69214f4c45d97ab3d2bf20ef991,
1rNgOd6KJ2Hmdm8gbCUYD1vm73x9b1YGg,Season 23,Season 23,True,N/A,,application/vnd.google-apps.folder,2026-05-11T14:13:04.720Z,,
1purgN0Rm_VHL3CHxUqAVzRdRDOgfZzSW,S23E08.LupitaNyongo-2019.12.15.ITAS.HD.mp4,Season 23/S23E08.LupitaNyongo-2019.12.15.ITAS.HD.mp4,False,1.19 GB,1279434317,video/mp4,2026-05-11T16:20:20.787Z,cd01625094a0098aeca14d8bf6046c2a,
1tcR5mMH9z3LMB-Isy9o_YBxhqP5kDPwo,S23E07.JamesBurrows-2019.12.01.ITAS.HD.mp4,Season 23/S23E07.JamesBurrows-2019.12.01.ITAS.HD.mp4,False,866.50 MB,908592139,video/mp4,2026-05-11T16:19:51.861Z,8a41755eca1862580b5df9cedb66d86b,
1akKzNbvPRUC1afDo2cghcmSBOvZ0Nrtf,S23E06.LauraDern-2019.11.17.ITAS.HD.mp4,Season 23/S23E06.LauraDern-2019.11.17.ITAS.HD.mp4,False,1.40 GB,1498804261,video/mp4,2026-05-11T16:19:28.429Z,e98786f8b4744cc82f0a3740950dfbfa,
1wNpf7QfMELZzX-cJHDUQqymf6S4-hVtx,S23E05.AlfreWoodard-2019.11.10.ITAS.HD.mp4,Season 23/S23E05.AlfreWoodard-2019.11.10.ITAS.HD.mp4,False,1.48 GB,1591216907,video/mp4,2026-05-11T16:18:29.185Z,ab29d182eaada10104b637aac36a8f5c,
15G0QX3g1D4ZgL6CmVlamS7ErKLqxoiKg,S23E04.AlPacino-2019.11.03.ITAS.HD.mp4,Season 23/S23E04.AlPacino-2019.11.03.ITAS.HD.mp4,False,1.62 GB,1742036861,video/mp4,2026-05-11T16:17:29.896Z,b11fb7f88313289b35eae1446fe8640d,
1LWkT6kHkTeUqRDRywbm3oki-E-0mfZ9-,S23E03.WillemDafoe-2019.10.27.ITAS.HD.mp4,Season 23/S23E03.WillemDafoe-2019.10.27.ITAS.HD.mp4,False,873.62 MB,916055325,video/mp4,2026-05-11T16:15:32.516Z,80682412debf53391b502b652ccb791b,
1vMcU_55Yeqvx2GLT-45dPAkUGxLTIc_7,S23E02.DavidOyelowo-2019.10.20.ITAS.HD.mp4,Season 23/S23E02.DavidOyelowo-2019.10.20.ITAS.HD.mp4,False,1.28 GB,1379427032,video/mp4,2026-05-11T16:14:44.783Z,9d0bd51d9545cf04704da9d95444a854,
1ZVCnjb4AMlVv2MGBaPNXjYRXhQzQTmta,S23E01.HenryWinkler-2019.10.13.ITAS.HD.mp4,Season 23/S23E01.HenryWinkler-2019.10.13.ITAS.HD.mp4,False,1.15 GB,1233643277,video/mp4,2026-05-11T16:14:02.623Z,63a4015974c54378b2ec2ae60d74a4b4,
1xytQPt9FlLA8vxdL1fazoqULmVSSFdRg,Season 22,Season 22,True,N/A,,application/vnd.google-apps.folder,2026-05-11T14:13:03.564Z,,
1qsRgwm5_CtTGU0OSMnNrHzRGj2C9CZQj,S22E07.TedDanson-2018.01.11.ITAS.HD2.mp4,Season 22/S22E07.TedDanson-2018.01.11.ITAS.HD2.mp4,False,909.65 MB,953832047,video/mp4,2026-08-16T00:40:18.000Z,1c9aa3045ceebfeb62262da5e639cf61,
1TldM21skZ1_o2m5sSjlHZ5iPrdX_t0sH,S22E01.JessicaChastain-2016.12.21.ITAS.SD.mp4,Season 22/S22E01.JessicaChastain-2016.12.21.ITAS.SD.mp4,False,135.05 MB,141612566,video/mp4,2026-07-26T11:24:33.000Z,031e82ce54e11aabad3b36993e497e9c,
1A9QO4y6lE7Nw0XClvnp5Yzxdx_J_WpPi,S22E07.TedDanson-2018.01.11.ITAS.HD.mp4,Season 22/S22E07.TedDanson-2018.01.11.ITAS.HD.mp4,False,1.20 GB,1291917353,video/mp4,2026-05-11T16:12:20.514Z,1e4c57c4e89292dbd2be9ba21a822ab4,
1Rx6wGwOPHmlYYGhoueX1fWbpTmrpZZwS,S22E06.KristenWiig-2017.12.21.ITAS.SD.mp4,Season 22/S22E06.KristenWiig-2017.12.21.ITAS.SD.mp4,False,418.57 MB,438906336,video/mp4,2026-05-11T16:11:52.978Z,473b0cc3f2ab8ba98888763f708d2ff3,
1NlvEsqBpTAeZfoknj-hmtPu-kCtru7__,S22E05.ScarlettJohansson-2017.06.22.ITAS.SD.mp4,Season 22/S22E05.ScarlettJohansson-2017.06.22.ITAS.SD.mp4,False,276.08 MB,289493131,video/mp4,2026-05-11T16:11:37.426Z,d173f3d3be36c3b9d73d7403bbbf9241,
19kd-a4jx8j_bcDn8he2KMELdq53aqrpL,S22E04.CastOfGirls-2017.02.09.ITAS.SD.mp4,Season 22/S22E04.CastOfGirls-2017.02.09.ITAS.SD.mp4,False,310.68 MB,325776343,video/mp4,2026-05-11T16:11:24.571Z,1b0d2599c2251ac81f18fd02a1829e46,
1RKha-8uibomsAoBLOXhkq1Q27MtR7xTF,Season 21,Season 21,True,N/A,,application/vnd.google-apps.folder,2026-05-11T14:13:02.616Z,,
1ll-vvoRXx7e2EEYy4VetBAOrMZ9D1S32,S21E04.JeffDaniels-2016.01.07.ITAS.SD.mp4,Season 21/S21E04.JeffDaniels-2016.01.07.ITAS.SD.mp4,False,120.93 MB,126801450,video/mp4,2026-07-26T11:24:19.000Z,4f1b9be364103b8d5265052429fabfc4,
1HpStkfyM04G8DjV3TbQ_8FLD5kZ0jAMj,S21E01.SarahSilverman-2015.10.22.ITAS.SD.mp4,Season 21/S21E01.SarahSilverman-2015.10.22.ITAS.SD.mp4,False,139.80 MB,146585819,video/mp4,2026-07-26T11:24:14.000Z,bb99145f4ef2b2b508477512fb4b98b9,
1qmkOAKcfjWPmG4qI-BqooMVZ9g3XESXm,S21E06.ChristopherMeloni-2016.03.31.ITAS.SD.mp4,Season 21/S21E06.ChristopherMeloni-2016.03.31.ITAS.SD.mp4,False,449.94 MB,471796342,video/mp4,2026-05-11T16:09:47.599Z,8547dd32c9909396ed67b5e6d8ee1aaf,
1AT3t5OCqcLPlSuVq_tYdmEi0qAQ-H4Ov,S21E05.TheWalkingDeadCast-2016.02.11.ITAS.SD.mp4,Season 21/S21E05.TheWalkingDeadCast-2016.02.11.ITAS.SD.mp4,False,349.44 MB,366416540,video/mp4,2026-05-11T16:09:33.157Z,d14ff87cebc91059e679053cfb727f9b,
1Dgi5TyM_fF3z1dfG6wPQDWZPCIO0NTCG,S21E02.BryanCranston-2015.11.25.ITAS.SD.mp4,Season 21/S21E02.BryanCranston-2015.11.25.ITAS.SD.mp4,False,146.76 MB,153890435,video/mp4,2026-05-11T16:09:18.775Z,6fe6e561e88182d1bf6b2109d7380cfd,
1ryJ5XDuhWlFuiQ3-C7HRqtZW5ZhP5ax3,Season 20,Season 20,True,N/A,,application/vnd.google-apps.folder,2026-05-11T14:13:01.985Z,,
1NrgjAb_6r8V65jtyBKYMG92HYlA-bu14,S20E06.JimParsons-2015.06.18.ITAS.HD2.mp4,Season 20/S20E06.JimParsons-2015.06.18.ITAS.HD2.mp4,False,1.49 GB,1604309554,video/mp4,2026-05-11T16:07:20.108Z,8c308e4ccd12c7d9ba4776a84a24408f,
12-4RRjbw147UuOMiYBuzO_J7KNfaGK7m,S20E06.JimParsons-2015.06.18.ITAS.HD.mp4,Season 20/S20E06.JimParsons-2015.06.18.ITAS.HD.mp4,False,5.09 GB,5460298135,video/mp4,2026-05-11T16:06:02.225Z,cb701d41921b07aa70eee4a5482c3aa6,
1Q4XOzXI6N8rRZ1683w48LXKNTaj9fRk_,S20E05.NeilPatrickHarris-2015.02.12.ITAS.SD.mp4,Season 20/S20E05.NeilPatrickHarris-2015.02.12.ITAS.SD.mp4,False,1.32 GB,1414830741,video/mp4,2026-05-11T16:04:16.993Z,92ff1ef3467c212ef008789dbf272391,
16715oKUnGbHgJ9rTfsDg0Q8Qta5UNU98,S20E04.Sting-2014.10.05.ITAS.SD.mp4,Season 20/S20E04.Sting-2014.10.05.ITAS.SD.mp4,False,313.26 MB,328479949,video/mp4,2026-05-11T16:03:18.149Z,a4334a77ebd21be294a3e91df4b9d19b,
10ksmeEOQbNclG_efQPwYnHXYDxuyX9Oh,S20E03.MariskaHargitay-2014.09.22.ITAS.HD2.mp4,Season 20/S20E03.MariskaHargitay-2014.09.22.ITAS.HD2.mp4,False,1.17 GB,1257870163,video/mp4,2026-05-11T16:03:06.109Z,25ce5b2b43db646c5d2da827d361f1a5,
1Ozdb6pIihRoUwLFJFel702QFMT05JSVq,S20E03.MariskaHargitay-2014.09.22.ITAS.HD.mp4,Season 20/S20E03.MariskaHargitay-2014.09.22.ITAS.HD.mp4,False,4.97 GB,5337107771,video/mp4,2026-05-11T16:02:18.807Z,511ba9f7103997e7e570048409dc85e0,
1S2uEXuBgKxr0hMf0TkhXWOMuNyw0Uzv1,S20E02.CastOfHowIMetYourMother-2014.03.27.ITAS.SD2.mp4,Season 20/S20E02.CastOfHowIMetYourMother-2014.03.27.ITAS.SD2.mp4,False,947.36 MB,993381928,video/mp4,2026-05-11T16:00:55.792Z,fb11a8b6a7876b3fedd0cbd76d986aa8,
1JT0EgXvWJYktAontniKkbGa7cTJjHQ9-,S20E02.CastOfHowIMetYourMother-2014.03.27.ITAS.SD1.mp4,Season 20/S20E02.CastOfHowIMetYourMother-2014.03.27.ITAS.SD1.mp4,False,947.36 MB,993381928,video/mp4,2026-05-11T16:00:33.866Z,fb11a8b6a7876b3fedd0cbd76d986aa8,
1xtxhKwXRGwNViwx3Hi7bxuGuvEgdf9gz,S20E01.MatthewMcConaughey-2014.02.20.ITAS.SD.mp4,Season 20/S20E01.MatthewMcConaughey-2014.02.20.ITAS.SD.mp4,False,404.78 MB,424440793,video/mp4,2026-05-11T15:59:55.602Z,919a071080378bd287cc5f2500d79bab,
11G_gnNKYNPUXPf85ArXgEstZknIx0ECF,Season 19,Season 19,True,N/A,,application/vnd.google-apps.folder,2026-05-11T14:13:01.196Z,,
1PxhXZOT1xrgBVCX8Y6qp5h3uwrvW4bd-,S19E07.AmyAdams-2014.02.19.ITAS.SD.mp4,Season 19/S19E07.AmyAdams-2014.02.19.ITAS.SD.mp4,False,293.82 MB,308088771,video/mp4,2026-05-11T15:55:14.249Z,b5f0ff088676950d60eda0659326354f,
10OLtWQQbeJftBYUTWaATJwFBA5Jj6g2C,S19E06.BruceAndLauraDern-2013.12.26.ITAS.SD.mp4,Season 19/S19E06.BruceAndLauraDern-2013.12.26.ITAS.SD.mp4,False,411.12 MB,431091549,video/mp4,2026-05-11T15:55:03.517Z,a031bae1323bb5718c12c5534de6d2ed,
1te98AgOt0GlmHIQH285sNMhHyi9MDexj,S19E05.CastOfArrestedDevelopment-2013.11.07.ITAS.SD.mp4,Season 19/S19E05.CastOfArrestedDevelopment-2013.11.07.ITAS.SD.mp4,False,961.27 MB,1007961539,video/mp4,2026-05-11T15:54:51.631Z,fc207e325e575c061be6336fadcb3f5c,
1N_q8KFDCiXKv0zydo9EbAu-iLhhPB39-,S19E04.JakeGyllenhaal-2013.09.19.ITAS.SD.mp4,Season 19/S19E04.JakeGyllenhaal-2013.09.19.ITAS.SD.mp4,False,869.30 MB,911530672,video/mp4,2026-05-11T15:54:31.981Z,4cbffedbdc6ff43b0a26fcb9a94cf633,
1Rso4iEjDv4mDBSObkICLtiC9Z_-kZF9c,S19E03.250thSpecial-2013.05.29.ITAS.SD.mp4,Season 19/S19E03.250thSpecial-2013.05.29.ITAS.SD.mp4,False,1.74 GB,1868932633,video/mp4,2026-05-11T15:53:51.763Z,e96679104f2df00febd8a9efd071e56a,
19XjT_Dpu0z1yuVjM1Mo6YbIBZW23hX2F,S19E02.TinaFey-2013.03.19.ITAS.SD2.mp4,Season 19/S19E02.TinaFey-2013.03.19.ITAS.SD2.mp4,False,2.73 GB,2935045769,video/mp4,2026-05-11T15:53:00.263Z,f67339ba8ca95d137b1f4a0809f0710c,
1VF_52HkEn2E0cyWDRq9UH2M665Om3Kfk,S19E02.TinaFey-2013.03.19.ITAS.SD1.mp4,Season 19/S19E02.TinaFey-2013.03.19.ITAS.SD1.mp4,False,1.46 GB,1564543763,video/mp4,2026-05-11T15:52:10.387Z,f223fdb71da1e750a11c39ac2cb535d2,
1y2iTZoSRIcC326v6sSAy3iVxeM5wEUDO,S19E01.HughJackman-2013.02.13.ITAS.SD.mp4,Season 19/S19E01.HughJackman-2013.02.13.ITAS.SD.mp4,False,450.59 MB,472481222,video/mp4,2026-05-11T15:51:43.132Z,dc74c221322ca7663776420b7a1e55fe,
1d2Dcua7kf01hC1Ua6L02u5jj05RviINO,Season 18,Season 18,True,N/A,,application/vnd.google-apps.folder,2026-05-11T14:13:00.192Z,,
1f0WZJW0lzTN0v3pfpWT9B4ubvJglVW0E,S18E05.LiamNeeson-2012.10.03.ITAS.SD.mp4,Season 18/S18E05.LiamNeeson-2012.10.03.ITAS.SD.mp4,False,458.66 MB,480942311,video/mp4,2026-05-11T15:47:42.884Z,96d356a1d9ab68185c89282b6842a53d,
161xGwhEoWxLeP5wrtG4KnZoGZFBiLHGi,S18E04.CastOfMadMen-2012.05.14.ITAS.SD2.mp4,Season 18/S18E04.CastOfMadMen-2012.05.14.ITAS.SD2.mp4,False,242.39 MB,254163566,video/mp4,2026-05-11T15:47:07.005Z,b19b0f077dda0eda6d36a835d856b847,
1yC5CL0hH3HxMaRSQwxufBX91_YMAeqhf,S18E04.CastOfMadMen-2012.05.14.ITAS.SD1.mp4,Season 18/S18E04.CastOfMadMen-2012.05.14.ITAS.SD1.mp4,False,752.51 MB,789060937,video/mp4,2026-05-11T15:46:57.720Z,5c8c5c16f53977862317bb905377abe5,
15L5u4la396pGr7OZqoj80_Env672bE-d,S18E03.CastOfGlee-2012.04.09.ITAS.SD.mp4,Season 18/S18E03.CastOfGlee-2012.04.09.ITAS.SD.mp4,False,347.13 MB,363987111,video/mp4,2026-05-11T15:46:23.413Z,24d3090e2ef446b3a630f9cc353f5d33,
1ID5qyI4vGW3Fto0JtFmqr16jrMX1-HGw,S18E03.CastOfGlee-2012.04.09.ITAS.HD.mp4,Season 18/S18E03.CastOfGlee-2012.04.09.ITAS.HD.mp4,False,3.26 GB,3498809802,video/mp4,2026-05-11T15:45:45.091Z,63b99bde200b843a6afc3ffc28256415,
1HtJlF25OKJpzH036yHzVd6AQeS8tY3BH,S18E02.BradPitt-2012.02.10.ITAS.SD2.mp4,Season 18/S18E02.BradPitt-2012.02.10.ITAS.SD2.mp4,False,203.50 MB,213390256,video/mp4,2026-05-11T15:44:05.117Z,6b1118fae71c36646da5c7dbb44cc95a,
1IE5fuaQjqBVxXuwW4ynaBgAqgxR97q5T,S18E02.BradPitt-2012.02.10.ITAS.SD1.mp4,Season 18/S18E02.BradPitt-2012.02.10.ITAS.SD1.mp4,False,436.22 MB,457414793,video/mp4,2026-05-11T15:43:56.844Z,b28d3f3a9d890d33e72e92c1e76bca4b,
1mlVhSB52M9bmnDKnUl1F2LF08JzMQsaD,S18E01.GeorgeClooney-2012.01.31.ITAS.SD.mp4,Season 18/S18E01.GeorgeClooney-2012.01.31.ITAS.SD.mp4,False,305.53 MB,320373563,video/mp4,2026-05-11T15:43:44.650Z,027b065e4079626551aa1c94a19a4806,
1U4YWx6o61YCR_H-0yDKi1rCNpvQgXZrS,S18E01.GeorgeClooney-2012.01.31.ITAS.HD.mp4,Season 18/S18E01.GeorgeClooney-2012.01.31.ITAS.HD.mp4,False,1.59 GB,1707790241,video/mp4,2026-05-11T15:43:34.482Z,f253a3bc84819d57165d95e1a3934eca,
1k-mW6grKiE2uaG9RvAS1KO1OThTgyic6,Season 17,Season 17,True,N/A,,application/vnd.google-apps.folder,2026-05-11T14:12:59.428Z,,
1xVbgxMjw-2ByK2kX-hTIcEdu_2rMIxuj,S17E06.JenniferAniston-2011.07.11.ITAS.HD.mp4,Season 17/S17E06.JenniferAniston-2011.07.11.ITAS.HD.mp4,False,4.36 GB,4682175339,video/mp4,2026-05-11T15:34:32.771Z,293446f981f2604dc02aee9aded350be,
1HX3gplSYkhdmelQyy3GPxfpAAm8fff6D,S17E05.TheCastOfModernFamily-2011.06.07.ITAS.HD2.mp4,Season 17/S17E05.TheCastOfModernFamily-2011.06.07.ITAS.HD2.mp4,False,1.09 GB,1174678676,video/mp4,2026-05-11T15:33:10.168Z,90d7a4a15d4cf2aee48308c7ef604e65,
1_Fg-V629wj7GJKWb1qKloMOzIVV0Uj7P,S17E05.TheCastOfModernFamily-2011.06.07.ITAS.HD1.mp4,Season 17/S17E05.TheCastOfModernFamily-2011.06.07.ITAS.HD1.mp4,False,4.27 GB,4581221387,video/mp4,2026-05-11T15:32:38.772Z,c84e66df50fc7daf6d046d97e8cc6bfa,
1AZ1r3Lb3lCqA5neNXbEE3Hls8wAQl1fS,S17E04.BradleyCooper-2011.03.14.ITAS.HD2.mp4,Season 17/S17E04.BradleyCooper-2011.03.14.ITAS.HD2.mp4,False,855.82 MB,897387788,video/mp4,2026-05-11T15:30:46.664Z,f2f49e582f82f2172662a97e87518b5a,
13Mra3aFeBFPXEzdOSAiJaZqUlV4yAdeC,S17E04.BradleyCooper-2011.03.14.ITAS.HD1.mp4,Season 17/S17E04.BradleyCooper-2011.03.14.ITAS.HD1.mp4,False,4.37 GB,4689288773,video/mp4,2026-05-11T15:30:30.261Z,b1f8cb46adbf0bd2bc3b656e5564de5e,
1l-_M40Z6q9d8MDdi9K5HoERUOXvZKyQz,S17E03.ColinFirth-2011.02.07.ITAS.SD.mp4,Season 17/S17E03.ColinFirth-2011.02.07.ITAS.SD.mp4,False,348.23 MB,365144846,video/mp4,2026-05-11T15:28:23.122Z,45c164529552bed05b94b46a070c7ea9,
1Zc8WbScW-9RytKiimmDDBIIqrOO5Eegs,S17E02.JimCarrey-2011.01.10.ITAS.HD2.mp4,Season 17/S17E02.JimCarrey-2011.01.10.ITAS.HD2.mp4,False,798.24 MB,837010780,video/mp4,2026-05-11T15:28:13.488Z,1de100d64541981c60ea496c32870a5c,
1NFXP5w17O94QngM4EQRyGPG8mZUAaLjt,S17E02.JimCarrey-2011.01.10.ITAS.HD1.mp4,Season 17/S17E02.JimCarrey-2011.01.10.ITAS.HD1.mp4,False,4.55 GB,4889991112,video/mp4,2026-05-11T15:27:55.618Z,357993c2a9b35a1fe4c31e31173732a6,
1PmEdQlgnv1oRakkhfk4wMpsIeVgwx6uV,S17E01.JamesFranco-2010.12.07.ITAS.SD.mp4,Season 17/S17E01.JamesFranco-2010.12.07.ITAS.SD.mp4,False,131.12 MB,137488244,video/mp4,2026-05-11T15:26:30.534Z,213dbb93d7ef194691230725aca9a27c,
1cnDxJeZDXavkogCrZOzg0pswxj2NGcB7,Season 16,Season 16,True,N/A,,application/vnd.google-apps.folder,2026-05-11T14:12:58.693Z,,
1PEodGQPtMNgnBez36xeSDNL_cugqfdj7,S16E06.BettyWhite-2010.09.28.ITAS.SD.mp4,Season 16/S16E06.BettyWhite-2010.09.28.ITAS.SD.mp4,False,348.00 MB,364904920,video/mp4,2026-05-11T15:22:03.841Z,d2e4f00faa2bc49b480d065b8d0d5640,
1IRFSlOksB-JiAbMm_s4BBjDGJv0Spxp5,S16E05.SeanCombs-2010.05.25.ITAS.SD.mp4,Season 16/S16E05.SeanCombs-2010.05.25.ITAS.SD.mp4,False,454.41 MB,476484430,video/mp4,2026-05-11T15:21:55.676Z,a3a6682b2f3a4e978bf5b1612ed6329d,
1eY6b9WFB14kuh0G_nu452mmUYivwIUWO,S16E04.JamesCameron-2010.03.01.ITAS.SD.mp4,Season 16/S16E04.JamesCameron-2010.03.01.ITAS.SD.mp4,False,361.81 MB,379390043,video/mp4,2026-05-11T15:21:40.211Z,5e1ac489bf55a58ea6c3b63de02ba242,
1r8IcYDDH2vIpWe92bGLZshP8ToedLHR8,S16E03.KateHudson-2009.12.21.ITAS.SD.mp4,Season 16/S16E03.KateHudson-2009.12.21.ITAS.SD.mp4,False,453.92 MB,475968923,video/mp4,2026-05-11T15:21:32.328Z,bbe8f8028a282ab9fe06211eeb176405,
1ER2KfB_dxaI41-FDipDFo0llLr_Rsnof,S16E02.JonBonJovi-2009.11.16.ITAS.SD.mp4,Season 16/S16E02.JonBonJovi-2009.11.16.ITAS.SD.mp4,False,348.00 MB,364904015,video/mp4,2026-05-11T15:21:15.918Z,c5e994479866b1136e795aeceb0c4e89,
1EcSDzkukFMKCv-jfZRYYLQFFSNYxa5A2,S16E01.HilarySwank-2009.11.09.ITAS.SD.mp4,Season 16/S16E01.HilarySwank-2009.11.09.ITAS.SD.mp4,False,359.91 MB,377394297,video/mp4,2026-05-11T15:21:07.260Z,7035665b518a8d81cd25edc94bd9532d,
11zg5A-SCkRjk31N_HltLfzI1LAdf8BK-,Season 15,Season 15,True,N/A,,application/vnd.google-apps.folder,2026-05-11T14:12:57.301Z,,
1tLEmrs7TRferHAL8XkouN1sOClVxS9nq,S15E04.JoshBrolin-2009.01.05.ITAS.SD1.mp4,Season 15/S15E04.JoshBrolin-2009.01.05.ITAS.SD1.mp4,False,350.22 MB,367228722,video/mp4,2026-08-16T00:40:36.000Z,a228257e4052f9a21c959b3b3b047230,
16Wm7ubaafn4iEzBuAdPd6SPtFOrLrzuA,S15E08.AnthonyLaPaglia-2009.02.02.ITAS.SD.mp4,Season 15/S15E08.AnthonyLaPaglia-2009.02.02.ITAS.SD.mp4,False,280.10 MB,293702429,video/mp4,2026-08-16T00:39:28.000Z,a8a1b91bf0bc0e43f4bd792ec45d3f75,
19ZAtL-vNIRNDeGitLF5zoTGwy6ULDYHF,S15E15.AmyPoehler-2009.09.21.ITAS.SD.mp4,Season 15/S15E15.AmyPoehler-2009.09.21.ITAS.SD.mp4,False,700.30 MB,734319180,video/mp4,2026-05-11T15:15:51.820Z,83ddd7217f3f9bea069efc39a49b697b,
1yPhwIxiTwU0blLOMA_Bye_ilcDS3JfMH,S15E14.CastOfFamilyGuy-2009.09.14.ITAS.SD.mp4,Season 15/S15E14.CastOfFamilyGuy-2009.09.14.ITAS.SD.mp4,False,349.62 MB,366599418,video/mp4,2026-05-11T15:15:38.801Z,39e7de3408c58bcfb0c296a7fd5e43ce,
1UJ8aZMy_71qiREfZQeuzK0SkyCsamo6X,S15E13.JasonBateman-2009.09.07.ITAS.SD.mp4,Season 15/S15E13.JasonBateman-2009.09.07.ITAS.SD.mp4,False,349.06 MB,366018692,video/mp4,2026-05-11T15:15:31.350Z,f5ad8d424532e42eee8a1a1635889770,
1f70-P-5fedqNQ_wNIwXBjOf_2zctGaqw,S15E12.MickeyRourke-2009.08.31.ITAS.SD.mp4,Season 15/S15E12.MickeyRourke-2009.08.31.ITAS.SD.mp4,False,348.11 MB,365020821,video/mp4,2026-05-11T15:15:23.262Z,df9cbf6ee9f2b558c8c2d53edb3fdec7,
1dPoURF7FOQ5LqddF8zQczYETcEPi8vHz,S15E11.JuddApatow-2009.07.27.ITAS.SD.mp4,Season 15/S15E11.JuddApatow-2009.07.27.ITAS.SD.mp4,False,462.52 MB,484991330,video/mp4,2026-05-11T15:15:10.692Z,760d560b6d68ebe107959f4176991b51,
1qcfg8cdI2URWEwT0zWfZE5xMcguZn5wq,S15E10.DannyDeVito-2009.05.11.ITAS.SD2.mp4,Season 15/S15E10.DannyDeVito-2009.05.11.ITAS.SD2.mp4,False,368.76 MB,386669617,video/mp4,2026-05-11T15:14:57.419Z,805d61d6fd638d223074d582175819e4,
14wBUW3eCd6bpAh3_682e8MTF4yaTDoOK,S15E10.DannyDeVito-2009.05.11.ITAS.SD1.mp4,Season 15/S15E10.DannyDeVito-2009.05.11.ITAS.SD1.mp4,False,462.54 MB,485011196,video/mp4,2026-05-11T15:14:50.380Z,a9d45f62d7ee232f52eef0439c8517f1,
10wG3AteRqtesUej3faeykyOZO5jdBcLn,S15E09.DenisLeary-2009.05.04.ITAS.SD.mp4,Season 15/S15E09.DenisLeary-2009.05.04.ITAS.SD.mp4,False,74.06 MB,77654680,video/mp4,2026-05-11T15:14:41.927Z,a89e4fc8e0cfd992f007b92086863fa7,
1PfGV2ruOOFk-r_eeUX7FzDbd1xH3vD9V,S15E07.ConanOBrien-2009.01.26.ITAS.SD.mp4,Season 15/S15E07.ConanOBrien-2009.01.26.ITAS.SD.mp4,False,695.52 MB,729310602,video/mp4,2026-05-11T15:14:33.621Z,17258ee60b67f4f45bb845775b8a3361,
11W_gRflmk57w69vbDStSMSxp3_x5jNj7,S15E06.RickyGervais-2009.01.19.ITAS.SD.mp4,Season 15/S15E06.RickyGervais-2009.01.19.ITAS.SD.mp4,False,347.49 MB,364367295,video/mp4,2026-05-11T15:14:22.437Z,f825f9c6cc9992121174d800902a5b12,
1s1AywPV9ugSNB20TlFRca7zp4-7Ok5MY,S15E05.LauraLinney-2009.01.12.ITAS.SD.mp4,Season 15/S15E05.LauraLinney-2009.01.12.ITAS.SD.mp4,False,347.68 MB,364572079,video/mp4,2026-05-11T15:14:10.212Z,5f35dc8281f40d4f92b6e4eb789cc658,
1hGyfcqvGe9pnT499a-kS9aTjey2D9dRd,S15E04.JoshBrolin-2009.01.05.ITAS.SD.mp4,Season 15/S15E04.JoshBrolin-2009.01.05.ITAS.SD.mp4,False,347.55 MB,364431887,video/mp4,2026-05-11T15:14:02.145Z,3ccc4cd3d2ff91db481362bc98390d4b,
1ruCUWU3bAgAHIAcLkXxpvXwO9BQ2neVW,S15E03.DanielRadcliffe-2008.12.01.ITAS.SD.mp4,Season 15/S15E03.DanielRadcliffe-2008.12.01.ITAS.SD.mp4,False,555.34 MB,582314035,video/mp4,2026-05-11T15:13:53.825Z,3d6716cee0c3623ac8f2ec83644301be,
1Hywqe6ioN_wJaFnp3zm5mucgIEVidcCU,S15E02.JamesLipton-2008.11.10.ITAS.SD.mp4,Season 15/S15E02.JamesLipton-2008.11.10.ITAS.SD.mp4,False,703.00 MB,737148928,video/mp4,2026-05-11T15:13:43.989Z,27230d432a5089e620eec574c47c62fd,
1h9r-m-fly6bubGwd_LLETebp9fjCFnvW,S15E01.GoldieHawn-2008.11.03.ITAS.SD.mp4,Season 15/S15E01.GoldieHawn-2008.11.03.ITAS.SD.mp4,False,369.56 MB,387516742,video/mp4,2026-05-11T15:13:26.157Z,a6e2aaf5a683bd830b8c4b647434dcc4,
1g-oOPNsQbKKk78ZgT9wox3j0gKOpaXlF,Season 14,Season 14,True,N/A,,application/vnd.google-apps.folder,2026-05-11T14:12:56.610Z,,
1-4JKiOqK_68_qXz9Y2g13g3GUYQOswC-,S14E01.SarahJessicaParker-2008.05.19.ITAS.SD.mp4,Season 14/S14E01.SarahJessicaParker-2008.05.19.ITAS.SD.mp4,False,117.88 MB,123605496,video/mp4,2026-07-26T11:24:00.000Z,5523de16b0721d54e12a5da99929ede5,
1ichGUiLyIxJkuIFSeiFr-LOpL0XVCa5G,S14E04.ChristianSlater-2008.10.13.ITAS.SD.mp4,Season 14/S14E04.ChristianSlater-2008.10.13.ITAS.SD.mp4,False,347.90 MB,364801428,video/mp4,2026-05-11T15:12:37.355Z,15652416f4fa22d21c832299c03bddfe,
1Ge_7GC-KkoYlJSFgEiaxzbOSQfpvEbqb,S14E03.BrookeShields-2008.09.22.ITAS.SD.mp4,Season 14/S14E03.BrookeShields-2008.09.22.ITAS.SD.mp4,False,347.51 MB,364393017,video/mp4,2026-05-11T15:12:30.331Z,ca1bfc670290b81cdc35bccddcde170e,
1-7k5ZuVqkWAYxyVYoYAL4vyIt5ytbhAl,S14E02.MikeMyers-2008.06.16.ITAS.SD.mp4,Season 14/S14E02.MikeMyers-2008.06.16.ITAS.SD.mp4,False,366.80 MB,384620627,video/mp4,2026-05-11T15:12:23.295Z,5c4d7a0ff648f331e6ee9f4df1f52667,
1rKDO1d7Of21sofWKBAjl3BXyuYwbcKn_,Season 13,Season 13,True,N/A,,application/vnd.google-apps.folder,2026-05-11T14:12:55.741Z,,
1tYa-Ie8zJfwGNoJuTk6Z-lfkB9iOXybv,S13E15.JohnCusack-2007.12.03.ITAS.SD.mp4,Season 13/S13E15.JohnCusack-2007.12.03.ITAS.SD.mp4,False,347.09 MB,363949363,video/mp4,2026-05-11T15:06:21.822Z,ae5b571a5e3116a70d77e7b4112fcf04,
1MyAsB20WRV-ZK2dtjuqaTfieKM3GtYhI,S13E15.JohnCusack-2007.12.03.ITAS.HD.mp4,Season 13/S13E15.JohnCusack-2007.12.03.ITAS.HD.mp4,False,896.28 MB,939822921,video/mp4,2026-05-11T15:06:15.437Z,b0226eafd5d78d02e56ce8ec004f8fbb,
1X6yzi2lzrE-zjr6Ye9NPRNQ9xSBbolq7,S13E14.HalleBerry-2007.10.29.ITAS.SD2.mp4,Season 13/S13E14.HalleBerry-2007.10.29.ITAS.SD2.mp4,False,347.09 MB,363954418,video/mp4,2026-05-11T15:05:57.565Z,b0659d00045dd4a13f0adabbc5493a00,
1Tbj3LLzBsMDxzEFx0z2Jww-wZwPK0eXO,S13E14.HalleBerry-2007.10.29.ITAS.SD1.mp4,Season 13/S13E14.HalleBerry-2007.10.29.ITAS.SD1.mp4,False,796.18 MB,834850853,video/mp4,2026-05-11T15:05:51.061Z,a3359f8b4af49c4a6536878439fce48a,
19Mq6PmHgPkbPHCqrU7h5rOVxZBWBN8Go,S13E13.AlecBaldwin-2007.10.22.ITAS.SD.mp4,Season 13/S13E13.AlecBaldwin-2007.10.22.ITAS.SD.mp4,False,347.48 MB,364354837,video/mp4,2026-05-11T15:05:33.780Z,1670b6f603dcbe54f62ed9cdd93d4410,
1bPqQf8_3Gfyt13Y9oJWWGJ_wyKadKtlh,S13E13.AlecBaldwin-2007.10.22.ITAS.HD.mp4,Season 13/S13E13.AlecBaldwin-2007.10.22.ITAS.HD.mp4,False,896.16 MB,939689251,video/mp4,2026-05-11T15:05:27.578Z,36e4c95f0c9720837ff30a73fe8828e5,
1hzcLtU6HixdQ_yT38Wj6wlHtzAtU1jxX,S13E12.AnthonyHopkins-2007.10.15.ITAS.SD.mp4,Season 13/S13E12.AnthonyHopkins-2007.10.15.ITAS.SD.mp4,False,347.10 MB,363962040,video/mp4,2026-05-11T15:05:10.948Z,24968a0643f68518f574b4c892704aae,
1R8_nm4j6Qt0CN1F85kxheksOMsoRoqRg,S13E11.BillyCrystal-2007.10.08.ITAS.SD.mp4,Season 13/S13E11.BillyCrystal-2007.10.08.ITAS.SD.mp4,False,348.52 MB,365454021,video/mp4,2026-05-11T15:05:01.981Z,1f5fc167a4bc00f23db50911ad9d58d2,
1J1ifv2Dp-qEQD47aFzJjh_mlfuondlJ4,S13E10.CharlieSheen-2007.09.17.ITAS.SD.mp4,Season 13/S13E10.CharlieSheen-2007.09.17.ITAS.SD.mp4,False,896.34 MB,939877780,video/mp4,2026-05-11T15:04:55.969Z,d53f19b813142fffddd66324a55cd4b3,
1htZ81y1MkCit0Q-dtvSB38P7QihgrTqt,S13E10.CharlieSheen-2007.09.17.ITAS.HD.mp4,Season 13/S13E10.CharlieSheen-2007.09.17.ITAS.HD.mp4,False,3.92 GB,4209854240,video/mp4,2026-05-11T15:04:38.907Z,5049221e553b2078c43e3c4d056c7715,
19EBLPIcUxbGD6tcbpMCBJDxzIw7DaT80,S13E09.MichellePfeiffer-2007.08.06.ITAS.SD1.mp4,Season 13/S13E09.MichellePfeiffer-2007.08.06.ITAS.SD1.mp4,False,720.88 MB,755901251,video/mp4,2026-05-11T15:03:34.836Z,d0ef9d47d141f490419012bbad5cec60,
15IBToEFTCy3IRNGUpK5suoFAZx6Tzz2U,S13E08.KyraSedgwick-2007.06.11.ITAS.SD.mp4,Season 13/S13E08.KyraSedgwick-2007.06.11.ITAS.SD.mp4,False,347.37 MB,364245884,video/mp4,2026-05-11T15:03:19.682Z,25ddf5ce4a2936aafe91fdfec328aaac,
1u69PQIw4BZwsuByfOe1wh-HlkSY9OD66,S13E07.JuliaLouis-Dreyfus-2007.06.04.ITAS.SD.mp4,Season 13/S13E07.JuliaLouis-Dreyfus-2007.06.04.ITAS.SD.mp4,False,348.15 MB,365060622,video/mp4,2026-05-11T15:03:13.304Z,dae4c730b752434f89182e1c32b75e41,
1fnUEq_InmPDQ2AXGj4joxJ3IrNN0-Vib,S13E06.MarkRuffalo-2007.03.19.ITAS.SD.mp4,Season 13/S13E06.MarkRuffalo-2007.03.19.ITAS.SD.mp4,False,346.88 MB,363729653,video/mp4,2026-05-11T15:03:05.461Z,0cc489cc88f205a493495f60294730c1,
1uKLQKePsB2iYnr5xAEOlSDlq3edln6E0,S13E05.ChrisRock-2007.03.12.ITAS.SD.mp4,Season 13/S13E05.ChrisRock-2007.03.12.ITAS.SD.mp4,False,700.30 MB,734315088,video/mp4,2026-05-11T15:02:57.767Z,c27f8742a093e06eedd7c44fc3b5596d,
1hc4wCzC08vRuvpxbXTIZT88_FSWtXDsn,S13E05.ChrisRock-2007.03.12.ITAS.HD.mp4,Season 13/S13E05.ChrisRock-2007.03.12.ITAS.HD.mp4,False,1.75 GB,1876671991,video/mp4,2026-05-11T15:02:46.460Z,27223df4cfcb1e862a5d8c695bc98569,
1xvKm1ZsRolLZcJZN7WpIPj0orj2ZpVWY,S13E04.DianaRoss-2007.02.19.ITAS.SD.mp4,Season 13/S13E04.DianaRoss-2007.02.19.ITAS.SD.mp4,False,446.02 MB,467687259,video/mp4,2026-05-11T15:02:12.594Z,a74c25b293594c23ae280fb5cd68e4e5,
14IVkM8l9p3tXX1qp1IK_MGPArcccpSIp,S13E03.MattDamon-2007.01.08.ITAS.SD.mp4,Season 13/S13E03.MattDamon-2007.01.08.ITAS.SD.mp4,False,347.09 MB,363951806,video/mp4,2026-05-11T15:02:05.643Z,d5c623f498451e63495f37e48f7e65f1,
1K4yaUO8La7Cdcn-GrPmajnQWIvwMZwv-,S13E02.EddieMurphy-2006.12.18.ITAS.SD.mp4,Season 13/S13E02.EddieMurphy-2006.12.18.ITAS.SD.mp4,False,700.18 MB,734190230,video/mp4,2026-05-11T15:02:00.023Z,fb0a23cb3f4535968718c9b35b9ae0ea,
1HD7hDgEOHi6DSFmUzf2OWJItDkjMSm4M,S13E01.ForestWhitaker-2006.12.11.ITAS.SD.mp4,Season 13/S13E01.ForestWhitaker-2006.12.11.ITAS.SD.mp4,False,396.57 MB,415832192,video/mp4,2026-05-11T15:01:45.018Z,c89514ea5885c5753e7dea18d8420453,
10aysR8-9wUeh8LqKeo8RBy67HwbJj1iz,Season 12,Season 12,True,N/A,,application/vnd.google-apps.folder,2026-05-11T14:12:55.025Z,,
19-MixGqYd9AwQhqKDgjhxtpYYBY4TIQI,S12E03.QueenLatifah(RussianDub)-2006.01.08.ITAS.SD.mp4,Season 12/S12E03.QueenLatifah(RussianDub)-2006.01.08.ITAS.SD.mp4,False,155.32 MB,162859968,video/mp4,2026-09-06T19:07:22.000Z,ef901e7cdbc84ac2ce3869a1ba1aafcd,
1QtDiy6MiessYecKJMwXDm5iuNahUpe1z,S12E01.CastOfTheProducers-2005.12.11.ITAS.SD.mp4,Season 12/S12E01.CastOfTheProducers-2005.12.11.ITAS.SD.mp4,False,112.40 MB,117858166,video/mp4,2026-08-16T00:40:50.000Z,6fa943bc24722c0a711852610ebf65d0,
12Q8tDJfaZBPaF3FW2KDyVE6B_zQ7L7VL,S12E16.AlPacino-2006.10.02.ITAS.SD2.mp4,Season 12/S12E16.AlPacino-2006.10.02.ITAS.SD2.mp4,False,693.91 MB,727617082,video/mp4,2026-05-11T15:01:07.814Z,abdc786796830607f7fcbaadfb149788,
1eIsc49c53uKzde4DsUzUJ0_w7zzZ8sBM,S12E16.AlPacino-2006.10.02.ITAS.SD.mp4,Season 12/S12E16.AlPacino-2006.10.02.ITAS.SD.mp4,False,696.06 MB,729869646,video/mp4,2026-05-11T15:00:53.387Z,124c107f2500071236a8cdd9720e382b,
1PcvA9H7qwWanwpH7_I5o0-Mo2X5ZWSA1,S12E15.TeriHatcher-2006.09.18.ITAS.SD.mp4,Season 12/S12E15.TeriHatcher-2006.09.18.ITAS.SD.mp4,False,346.79 MB,363635165,video/mp4,2026-05-11T15:00:40.141Z,60d491eb440d4a72fb795b6621200edc,
1m_ByLjgIxNj1dQ63W4FrPGwhyUh_1jsD,S12E14.HughLaurie-2006.07.31.ITAS.SD.mp4,Season 12/S12E14.HughLaurie-2006.07.31.ITAS.SD.mp4,False,346.75 MB,363593508,video/mp4,2026-05-11T15:00:32.835Z,e03b862e4215c19ce22c7ab9840fd455,
10LtIiAfRJ6UVF6u_jIszWarZDycrvsaI,S12E13.RobertDowneyJr-2006.07.09.ITAS.SD.mp4,Season 12/S12E13.RobertDowneyJr-2006.07.09.ITAS.SD.mp4,False,347.54 MB,364417943,video/mp4,2026-05-11T15:00:25.392Z,989619aa98833568352124faf7c6ea36,
1mrqv5RppAnpGXn-GWceW2cLhGwgIGSom,S12E12.DustinHoffman-2006.06.18.ITAS.SD.mp4,Season 12/S12E12.DustinHoffman-2006.06.18.ITAS.SD.mp4,False,694.13 MB,727851534,video/mp4,2026-05-11T15:00:17.697Z,52a643d752403ce9136cdb4cb8229945,
1NArdXWL9jK8xvuMsbQuXZ7wEH1Ijb9LG,S12E11.TimAllen-2006.05.28.ITAS.SD.mp4,Season 12/S12E11.TimAllen-2006.05.28.ITAS.SD.mp4,False,346.99 MB,363843704,video/mp4,2026-05-11T15:00:03.897Z,0df5f356c8cf7a567a86de5c8a296213,
1_thHP5Z8d9rlEeRH29yXkb-3PYF5oFxK,S12E10.DonCheadle-2006.05.21.ITAS.SD.mp4,Season 12/S12E10.DonCheadle-2006.05.21.ITAS.SD.mp4,False,340.27 MB,356803933,video/mp4,2026-05-11T14:59:56.777Z,0ca4527d2be83fac72011db5a0ee8c53,
1N7SLyoqf3OBDUBrzCm-yJFNo6SxriU05,S12E09.TomHanks-2006.05.14.ITAS.SD.mp4,Season 12/S12E09.TomHanks-2006.05.14.ITAS.SD.mp4,False,346.82 MB,363667971,video/mp4,2026-05-11T14:59:49.281Z,960efa77990e7d4e5c30baf8180f6b8b,
1JJxNOlwKFXANHZkCwtXT1qT0OM72iEhd,S12E08.TheCastOfLawAndOrder-2006.05.07.ITAS.SD.mp4,Season 12/S12E08.TheCastOfLawAndOrder-2006.05.07.ITAS.SD.mp4,False,348.51 MB,365435098,video/mp4,2026-05-11T14:59:41.373Z,b363dd1c69cbcdb4f188e2f0560aec55,
1RcU_6aTt84_G2fON5h_EklNBnRFB8imd,S12E07.DaveChappelle-2006.02.12.ITAS.SD2.mp4,Season 12/S12E07.DaveChappelle-2006.02.12.ITAS.SD2.mp4,False,690.02 MB,723540243,video/mp4,2026-05-11T14:59:34.144Z,3814f1e6e1a02639efcb7e3132bdc3c6,
17h8lnzbpuW6g3W36MiPXxDiTgi855bGo,S12E07.DaveChappelle-2006.02.12.ITAS.SD1.mp4,Season 12/S12E07.DaveChappelle-2006.02.12.ITAS.SD1.mp4,False,690.02 MB,723540243,video/mp4,2026-05-11T14:59:20.652Z,3814f1e6e1a02639efcb7e3132bdc3c6,
1pbSzzbj6ZIjGyAoq5PKnK8LFGz4Syj1k,S12E06.LizaMinnelli-2006.02.05.ITAS.SD.mp4,Season 12/S12E06.LizaMinnelli-2006.02.05.ITAS.SD.mp4,False,729.53 MB,764963798,video/mp4,2026-05-11T14:59:06.685Z,cb79ab7823f215c7eb193b06e6d37e64,
1n-yDTbiQ_tehPT7G5pC4ZoTOuSDRaYF_,S12E05.MartinLawrence-2006.01.22.ITAS.SD.mp4,Season 12/S12E05.MartinLawrence-2006.01.22.ITAS.SD.mp4,False,347.84 MB,364734045,video/mp4,2026-05-11T14:58:52.194Z,758ba43667246bdc21147cd59544c45d,
1qh-WcnIn302_mhYa_vSG_zueGVsaWyAQ,S12E04.RalphFiennes-2006.01.15.ITAS.SD.mp4,Season 12/S12E04.RalphFiennes-2006.01.15.ITAS.SD.mp4,False,341.18 MB,357749452,video/mp4,2026-05-11T14:58:46.609Z,eb7a6d2a91099f71ed3c1081748f89fd,
1BynN6Ji0fGnqNydVNz5IIIIYHMfsNUrL,Season 11,Season 11,True,N/A,,application/vnd.google-apps.folder,2026-05-11T14:12:54.396Z,,
1kLuaUT9iE82g1BpJwHDbdQbpkfNqPvhF,S11E24.MichaelJFox-2005.10.30.ITAS.SD.mp4,Season 11/S11E24.MichaelJFox-2005.10.30.ITAS.SD.mp4,False,340.60 MB,357140161,video/mp4,2026-05-11T14:49:29.231Z,9a6de2750b2f532856e00dc6729c2c9d,
1y51pamE7rBBwjefbwMw5-Jsi6KCQb3YX,S11E22.EltonJohn.longcut-2005.10.16.ITAS.SD2.mp4,Season 11/S11E22.EltonJohn.longcut-2005.10.16.ITAS.SD2.mp4,False,288.35 MB,302361453,video/mp4,2026-05-11T14:49:23.079Z,682f66045a85e3699899ea1872a05ad1,
1mUsJD3JFrrJxZk0pZfdPucEzEdKT_Jxb,S11E22.EltonJohn-2005.10.16.ITAS.SD1.mp4,Season 11/S11E22.EltonJohn-2005.10.16.ITAS.SD1.mp4,False,1.09 GB,1172468517,video/mp4,2026-05-11T14:49:18.039Z,e0173a7fa488ab9d788484aa88a0318e,
12eu0bNB0ZBH21lmldOUv9Sf7nSWPq6pt,S11E22.EltonJohn-2005.10.16.ITAS.SD.mp4,Season 11/S11E22.EltonJohn-2005.10.16.ITAS.SD.mp4,False,1.10 GB,1175828566,video/mp4,2026-05-11T14:48:59.085Z,63fd3f3c1a3aa8c57c02b70c0c3986d8,
10d75CVwtdWL2UaDBR_-aZqfT1x5S3dWw,S11E21.JodieFoster-2005.09.25.ITAS.SD.mp4,Season 11/S11E21.JodieFoster-2005.09.25.ITAS.SD.mp4,False,347.00 MB,363860701,video/mp4,2026-05-11T14:48:37.204Z,bf7383f44f5dcf968fd302edea681e94,
1r4fmM3ONQTr6SxnzrxYklF_RXcAQ5f1M,S11E19.AngelinaJolie-2005.06.05.ITAS.SD.mp4,Season 11/S11E19.AngelinaJolie-2005.06.05.ITAS.SD.mp4,False,346.82 MB,363662852,video/mp4,2026-05-11T14:48:29.863Z,e1ddc02d853a3b34a61a2d54a48ee28c,
1zQ3yasbB5Kk_H27MrW0Ni7sZSaXLjVRx,S11E18.JaneFonda-2005.04.24.ITAS.SD.mp4,Season 11/S11E18.JaneFonda-2005.04.24.ITAS.SD.mp4,False,396.62 MB,415885117,video/mp4,2026-05-11T14:48:22.449Z,a50683941a32983578ec9e07ad1745aa,
1BzI5wx9j34A3_YwXiQIzZbOUvV2QBRAC,S11E17.DavidDuchovny-2005.04.10.ITAS.SD.mp4,Season 11/S11E17.DavidDuchovny-2005.04.10.ITAS.SD.mp4,False,346.35 MB,363178077,video/mp4,2026-05-11T14:48:14.650Z,41ea2313a655412766b18760991ff7ed,
1ah9Nf5EpV046H7kGDHbq2zdC-jqbpHaz,S11E13.RobertRedford-2005.01.30.ITAS.SD.mp4,Season 11/S11E13.RobertRedford-2005.01.30.ITAS.SD.mp4,False,693.57 MB,727259243,video/mp4,2026-05-11T14:48:07.547Z,f4714e6e4f800b02c419015b3b73b214,
1O0NBnoYf-djSJ2xgZeymK09cVb0870v1,S11E12.KieferSutherland-2005.01.23.ITAS.SD.mp4,Season 11/S11E12.KieferSutherland-2005.01.23.ITAS.SD.mp4,False,258.18 MB,270722617,video/mp4,2026-05-11T14:47:53.954Z,967e9c067363eaff8bc60784c534b51b,
1w16yAk5SJOfxdMM5VNSN22YXv8pEj_AL,S11E11.CameronDiaz-2005.01.09.ITAS.SD.mp4,Season 11/S11E11.CameronDiaz-2005.01.09.ITAS.SD.mp4,False,347.10 MB,363959390,video/mp4,2026-05-11T14:47:48.056Z,849cceda0efd5e3ca577181a0869462c,
1Z1cH6kXX0anTmETL0AvIPL54mVAQgxK7,S11E10.MorganFreeman-2005.01.02.ITAS.SD.mp4,Season 11/S11E10.MorganFreeman-2005.01.02.ITAS.SD.mp4,False,348.07 MB,364982904,video/mp4,2026-05-11T14:47:37.751Z,6ee76470155c4be0b6316dadeefdb4ec,
1_N2xRFglj2oq6-fN1alYEzGlAmX2DCSV,S11E09.SalmaHayek-2004.12.05.ITAS.SD.mp4,Season 11/S11E09.SalmaHayek-2004.12.05.ITAS.SD.mp4,False,347.57 MB,364457319,video/mp4,2026-05-11T14:47:31.756Z,75e32d31624f4c04a14c2bd50d2b7b64,
1B9x99_ExFq2xHRzGvBGBZLKSI1Xl6lVP,S11E08.JamieFoxx-2004.11.28.ITAS.SD.mp4,Season 11/S11E08.JamieFoxx-2004.11.28.ITAS.SD.mp4,False,396.31 MB,415558977,video/mp4,2026-05-11T14:47:25.477Z,a06748c7fa7a4c3fcbb68b6a94bfe66d,
1p38_PeZdcAR5df0TzLw0t050pQikB2aE,S11E07.NataliePortman-2004.11.21.ITAS.SD.mp4,Season 11/S11E07.NataliePortman-2004.11.21.ITAS.SD.mp4,False,347.10 MB,363961553,video/mp4,2026-05-11T14:47:17.389Z,9f343f806540d57f5a392ca2573a9e85,
1ZFerVVAHVQCo4Nn1pyI-Ikd6hxZtC5Aw,S11E06.MarkWahlberg-2004.11.14.ITAS.SD.mp4,Season 11/S11E06.MarkWahlberg-2004.11.14.ITAS.SD.mp4,False,346.85 MB,363703355,video/mp4,2026-05-11T14:47:11.212Z,11da1aa9d4c1b942d0a715efdba63682,
1Jf1S_WHDXc0jv72RD1dC5HZFJ7GQUM5K,S11E05.JenniferConnelly-2004.11.07.ITAS.SD.mp4,Season 11/S11E05.JenniferConnelly-2004.11.07.ITAS.SD.mp4,False,348.72 MB,365655327,video/mp4,2026-05-11T14:47:03.637Z,975a08628495114d89eaa22a67db0527,
1i_N3nqfrNN0pjrcMbl3lsPpT2CBA4d2N,S11E04.GeorgeCarlin-2004.10.31.ITAS.SD.mp4,Season 11/S11E04.GeorgeCarlin-2004.10.31.ITAS.SD.mp4,False,380.85 MB,399355239,video/mp4,2026-05-11T14:46:57.754Z,10a16d89854618516813bf6eff883af7,
1lPujqmNOyhsN2wVvqiWpe9RHWLUaE6e2,S11E03.WilliamHMacy-2004.10.24.ITAS.SD.mp4.mp4,Season 11/S11E03.WilliamHMacy-2004.10.24.ITAS.SD.mp4.mp4,False,349.13 MB,366089603,video/mp4,2026-05-11T14:46:49.414Z,533ea3eefd0c9a3fd95c751fa1599537,
1pfyCqaZf0LKffz79BziuNPHRRqzU3ad0,S11E02.JamesGandolfini-2004.10.17.ITAS.SD.mp4.mp4,Season 11/S11E02.JamesGandolfini-2004.10.17.ITAS.SD.mp4.mp4,False,391.31 MB,410317742,video/mp4,2026-05-11T14:46:42.539Z,37f99a81c009c38c7d5d3f80eed2790c,
1bGIxAJ89pJxGJTagxIXChBCivbExezRJ,S11E01.JenniferLopez-2004.10.10.ITAS.HD.mp4,Season 11/S11E01.JenniferLopez-2004.10.10.ITAS.HD.mp4,False,897.53 MB,941130080,video/mp4,2026-05-11T14:46:34.631Z,76e7d7c72da16432036b8632949df320,
1TT1F0iM_ZGmuiLxHNz_rLw-WVCJkdIkN,Season 10,Season 10,True,N/A,,application/vnd.google-apps.folder,2026-05-11T14:12:53.644Z,,
1aYzaUZulFrFExLnpvf-Q83QkurCTUErc,S10E16.10thYearCelebration-2004.06.20.ITAS.SD.mp4,Season 10/S10E16.10thYearCelebration-2004.06.20.ITAS.SD.mp4,False,370.57 MB,388572473,video/mp4,2026-05-11T14:43:24.245Z,36bdfabd10896f249ec7267cf9960050,
1Nx9HTKekAYcchT8N_z3q4WbzO9dWaGVT,S10E15.BetteMidler-2004.06.06.ITAS.SD2.mp4,Season 10/S10E15.BetteMidler-2004.06.06.ITAS.SD2.mp4,False,347.28 MB,364153862,video/mp4,2026-05-11T14:43:16.525Z,23cc1a3aa5b1b2e1b0078a13c72ee2d7,
13_VPUB-SBsw5TBRWPLotfwf6saek8pbj,S10E15.BetteMidler-2004.06.06.ITAS.SD1.mp4,Season 10/S10E15.BetteMidler-2004.06.06.ITAS.SD1.mp4,False,557.47 MB,584546986,video/mp4,2026-05-11T14:43:09.836Z,b643d7599e34ed7c99ef5f40f5dcc2ba,
1coHs7FaE8Q_ozwUu-yWPb5XsHPu6W9Yi,S10E14.BarbraStreisand-2004.03.21.ITAS.SD.mp4,Season 10/S10E14.BarbraStreisand-2004.03.21.ITAS.SD.mp4,False,382.07 MB,400629344,video/mp4,2026-05-11T14:42:59.337Z,1ef02939cfe20573245f1a0f59ebb6be,
18uL-tsStdCbX0blBkPcszrISUFEr3sHq,S10E13.KateWinslet-2004.03.14.ITAS.SD.mp4,Season 10/S10E13.KateWinslet-2004.03.14.ITAS.SD.mp4,False,346.65 MB,363490548,video/mp4,2026-05-11T14:42:51.764Z,858da7b510bcddb58fa7696bf700035a,
1isRd_79lHoS3QNIobiULsBYz-ts64V0P,S10E12.HughJackman-2004.03.07.ITAS.SD.mp4,Season 10/S10E12.HughJackman-2004.03.07.ITAS.SD.mp4,False,582.86 MB,611168680,video/mp4,2026-05-11T14:42:44.674Z,fefdd9187edbde5812bfba1fa9518648,
1RLa2kzNG4qF0oRTyQfVqdCUsycOe6QPo,S10E11.JayLeno-2004.02.15.ITAS.SD2.mp4,Season 10/S10E11.JayLeno-2004.02.15.ITAS.SD2.mp4,False,335.10 MB,351377068,video/mp4,2026-05-11T14:42:33.152Z,4c3987d9d0cf644e74f47c83935e12ba,
1CY1g6w6idNHjiyN5l57NyEHLO50UO7lM,S10E11.JayLeno-2004.02.15.ITAS.SD1.mp4,Season 10/S10E11.JayLeno-2004.02.15.ITAS.SD1.mp4,False,347.55 MB,364428978,video/mp4,2026-05-11T14:42:26.184Z,97bc18c77533e710d8bfcee42d7fcb66,
1qOKi9jyUj9DrmNP8P3xsPHau799kDDFW,S10E10.DianeLane-2004.02.08.ITAS.SD.mp4,Season 10/S10E10.DianeLane-2004.02.08.ITAS.SD.mp4,False,362.55 MB,380162040,video/mp4,2026-05-11T14:42:18.933Z,3e497f3618aaef0d2c06ef72803e9964,
1oZ26omHoHrp84Dk8WEG8g3DCjdzQVjYi,S10E09.CharlizeTheron-2004.01.18.ITAS.SD.mp4,Season 10/S10E09.CharlizeTheron-2004.01.18.ITAS.SD.mp4,False,348.01 MB,364918285,video/mp4,2026-05-11T14:42:11.432Z,5b93e0c30d10f6b57084e24ed1603947,
1fUXEY4FMaTiZ3ne8AcCYPjnAw3IRmJfG,S10E08.TomCruise-2004.01.11.ITAS.SD3.mp4,Season 10/S10E08.TomCruise-2004.01.11.ITAS.SD3.mp4,False,240.93 MB,252631923,video/mp4,2026-05-11T14:42:04.318Z,9c9c27eb599fc9b06da2743aac772c84,
18eJxy7106Lbj5LBUk0QeATVvS0RP4YXm,S10E08.TomCruise-2004.01.11.ITAS.SD2.mp4,Season 10/S10E08.TomCruise-2004.01.11.ITAS.SD2.mp4,False,694.21 MB,727927034,video/mp4,2026-05-11T14:41:58.964Z,9d9c4f619dac011e09057bd59084b3e4,
1i7roerDUJHAw0OaSsq48iAQGdkhWQJ3C,S10E08.TomCruise-2004.01.11.ITAS.SD1.mp4,Season 10/S10E08.TomCruise-2004.01.11.ITAS.SD1.mp4,False,388.39 MB,407251387,video/mp4,2026-05-11T14:41:45.233Z,5296d34d4e3ccbe5a192276e6917c536,
1FtB7y5GWHJqrkkRXEQnI685Nx6Xr6Tu0,S10E07.RussellCrowe-2004.01.04.ITAS.SD2.mp4,Season 10/S10E07.RussellCrowe-2004.01.04.ITAS.SD2.mp4,False,347.59 MB,364478949,video/mp4,2026-05-11T14:41:38.026Z,0e8b658bde5ee9c51a41b6a7b6802d55,
1hAr5NlcGDqaDVFZDeG11dhLu3-Ge12Wp,S10E07.RussellCrowe-2004.01.04.ITAS.SD1.mp4,Season 10/S10E07.RussellCrowe-2004.01.04.ITAS.SD1.mp4,False,397.84 MB,417166253,video/mp4,2026-05-11T14:41:31.510Z,c9d9676af43f40adf0b8d8965d31c1a6,
1heMNmxIxxFpR1vshMUm80UzRv8oB2QvD,S10E06.NaomiWatts-2003.12.28.ITAS.SD.mp4,Season 10/S10E06.NaomiWatts-2003.12.28.ITAS.SD.mp4,False,346.81 MB,363659072,video/mp4,2026-05-11T14:41:24.326Z,f01b02b3b6d8c91ab6f8033cd253d907,
1LgyGcL_KugonwuoyNOZf23pGOb9lNic_,S10E05.JudeLaw-2003.12.21.ITAS.SD.mp4,Season 10/S10E05.JudeLaw-2003.12.21.ITAS.SD.mp4,False,347.32 MB,364196062,video/mp4,2026-05-11T14:41:18.096Z,ecf7a323381bcc457381cb625bfa3d7f,
1vLq_9Rw-L2nv1--LzuOQl4cCUW0bitIZ,S10E04.CateBlanchett-2003.12.14.ITAS.SD2.mp4,Season 10/S10E04.CateBlanchett-2003.12.14.ITAS.SD2.mp4,False,347.37 MB,364238647,video/mp4,2026-05-11T14:41:10.738Z,d0e74ea8e57d5283ba1adf0a127ccddc,
1p36_yAyPgQwb3ggvhg6B3eBv8z2b7MA7,S10E04.CateBlanchett-2003.12.14.ITAS.SD1.mp4,Season 10/S10E04.CateBlanchett-2003.12.14.ITAS.SD1.mp4,False,396.93 MB,416213893,video/mp4,2026-05-11T14:41:04.403Z,4f10a96a885520e8206e3739c69155c2,
1Sboy1Gds7Gs9ICzvqDe0uh0eiQ8tzhT4,S10E03.TheCastOfWillAndGrace-2003.11.16.ITAS.SD.mp4,Season 10/S10E03.TheCastOfWillAndGrace-2003.11.16.ITAS.SD.mp4,False,347.14 MB,364003473,video/mp4,2026-05-11T14:40:57.385Z,8909e6ac1c5a9c9cc1ad00baf93b758b,
1_SZFY0QVHORbhYo_jTOKHZMoe2oL4LZv,S10E02.ClintEastwood-2003.10.05.ITAS.SD.mp4,Season 10/S10E02.ClintEastwood-2003.10.05.ITAS.SD.mp4,False,628.68 MB,659217936,video/mp4,2026-05-11T14:40:51.159Z,e375384b8ebba13373b092c4f78b630c,
1qPcAeiYiVVnPJ5QymohfHrBFNkEvRZLT,S10E01.JohnGoodman-2003.09.14.ITAS.SD.mp4,Season 10/S10E01.JohnGoodman-2003.09.14.ITAS.SD.mp4,False,423.11 MB,443660571,video/mp4,2026-05-11T14:40:39.626Z,b3a5d64cbca35938c2ae3cede9d4d09f,
1NUubYQwK2y0gnEQGxycGQSUgX76GvYYF,Season 09,Season 09,True,N/A,,application/vnd.google-apps.folder,2026-05-11T14:12:52.848Z,,
1oGh7sTFBqRdrQukX4-ne6YzLxcjae5Z6,S09E08.EdwardNorton-2003.01.12.ITAS.SD3.mp4,Season 09/S09E08.EdwardNorton-2003.01.12.ITAS.SD3.mp4,False,1.06 GB,1132985505,video/mp4,2026-09-28T09:42:31.266Z,c8a7c766fa3286a71ec459fc96dd99d8,
1sj9Flg7CRC9Cf9HOLPLqPMz20W16lVBP,S09E17.JeffBridges-2003.07.20.ITAS.SD.mp4,Season 09/S09E17.JeffBridges-2003.07.20.ITAS.SD.mp4,False,334.58 MB,350831250,video/mp4,2026-05-11T14:38:14.183Z,63dabeb5d9575a3efc5716b539b0275d,
1on7K4FQdCWokbz8dBAefn6Nj49PI_UFQ,S09E16.MartinSheen-2003.05.18.ITAS.SD.mp4,Season 09/S09E16.MartinSheen-2003.05.18.ITAS.SD.mp4,False,355.00 MB,372241409,video/mp4,2026-05-11T14:38:07.778Z,8d2909d7c93b297d0fd7c3d11344d9ce,
1WbowvBxpJda9k1FY4Gl5xObb7MdYnyYX,S09E14.JeremyIrons-2003.05.04.ITAS.SD.mp4,Season 09/S09E14.JeremyIrons-2003.05.04.ITAS.SD.mp4,False,334.92 MB,351185166,video/mp4,2026-05-11T14:38:00.198Z,263f6a8fa00e6abd3e6bdc87f44634b1,
1jYIbNp4IZAJK4KYXrhlz2A6dhmWHukq_,S09E13.JohnTravolta-2003.04.13.ITAS.SD.mp4,Season 09/S09E13.JohnTravolta-2003.04.13.ITAS.SD.mp4,False,692.95 MB,726612092,video/mp4,2026-05-11T14:37:53.091Z,61d2b185c9577682b4e45c33cd211413,
1w4J0EPr38i7OSmn6CubyEyK2X4qZdcHi,S09E12.ReneeZellweger-2003.03.09.ITAS.SD.mp4,Season 09/S09E12.ReneeZellweger-2003.03.09.ITAS.SD.mp4,False,362.96 MB,380589088,video/mp4,2026-05-11T14:37:39.731Z,9a2329fbfeadade4dc73b88907b01328,
1fmgPPUkdt_QaOkkcXS0pSkY7nJ7GsTky,S09E11.DrewBarrymore-2003.03.02.ITAS.SD.mp4,Season 09/S09E11.DrewBarrymore-2003.03.02.ITAS.SD.mp4,False,396.92 MB,416198603,video/mp4,2026-05-11T14:37:32.454Z,a5b16a09d8d66f9813fbe4902f6ce2a5,
1Djbekd7xao81VqJwIlj3oNoT_veXX6ol,S09E10.NicolasCage-2003.02.16.ITAS.SD.mp4,Season 09/S09E10.NicolasCage-2003.02.16.ITAS.SD.mp4,False,362.81 MB,380437066,video/mp4,2026-05-11T14:37:24.494Z,cd379e5375e9a5d36266d6f81baf5b8c,
12VCLAbz5g66Lb0YI2VVAPndkdsFbKwfl,S09E09.TheCastOfTheSimpsons-2003.02.09.ITAS.SD.mp4,Season 09/S09E09.TheCastOfTheSimpsons-2003.02.09.ITAS.SD.mp4,False,347.83 MB,364725366,video/mp4,2026-05-11T14:37:17.256Z,acb3467759a2fd186672b04e4c9149bf,
1vWj-TnS1eS74fHXRFaubLfRxpp4GyrDa,S09E08.EdwardNorton-2003.01.12.ITAS.SD2.mp4,Season 09/S09E08.EdwardNorton-2003.01.12.ITAS.SD2.mp4,False,141.33 MB,148191841,video/mp4,2026-05-11T14:37:10.408Z,92d6db00b2a39ca7f7675e3f0193a447,
1d5Hx-ySOa-iqTLwD_1iBHlFT9UxpVagT,S09E08.EdwardNorton-2003.01.12.ITAS.SD1.mp4,Season 09/S09E08.EdwardNorton-2003.01.12.ITAS.SD1.mp4,False,169.38 MB,177602703,video/mp4,2026-05-11T14:37:07.394Z,a71fc3eeac466e9c70b9a5127e616b06,
1ARJ1idYLDm6d-bQNJ0Qx5Te5AU63gCfe,S09E07.JulianneMoore-2002.12.22.ITAS.SD.mp4,Season 09/S09E07.JulianneMoore-2002.12.22.ITAS.SD.mp4,False,423.16 MB,443715966,video/mp4,2026-05-11T14:37:03.531Z,3ab8723027c5321f3ba2887ee0b2263b,
1uDR9mIQhZ4RjjVJY_SnK25yjUAssXomI,S09E06.MartinScorsese-2002.12.15.ITAS.SD.mp4,Season 09/S09E06.MartinScorsese-2002.12.15.ITAS.SD.mp4,False,642.71 MB,673931440,video/mp4,2026-05-11T14:36:54.682Z,f79be21d8d8109a50ce6ac3f7fe7c833,
1OPPVpOWkXFiepvF5cflF3uRZOcJ2iK-5,S09E05.IanMcKellen-2002.12.08.ITAS.SD.mp4,Season 09/S09E05.IanMcKellen-2002.12.08.ITAS.SD.mp4,False,423.20 MB,443753103,video/mp4,2026-05-11T14:36:40.948Z,04c6cb7a63c9e40b3196ebb02de14a5f,
1bf5yhXGnK-_N4oUb2OdjMmjR-35R91rV,S09E04.PierceBrosnan-2002.11.17.ITAS.SD.mp4,Season 09/S09E04.PierceBrosnan-2002.11.17.ITAS.SD.mp4,False,362.90 MB,380532966,video/mp4,2026-05-11T14:36:32.795Z,332064a14b48fb095e43b6637b19df18,
1OEHIzzd-WSVFkbUNBQtmSeqIQ_8_nDaR,S09E03.JeanneMoreau-2002.11.10.ITAS.SD.mp4,Season 09/S09E03.JeanneMoreau-2002.11.10.ITAS.SD.mp4,False,128.11 MB,134330664,video/mp4,2026-05-11T14:36:25.994Z,cd7579a49790514742859f6a08664140,
1dTwE1eXznjd-YFXmzECfEg1T0Uag-8AH,S09E02.JulietteBinoche-2002.10.27.ITAS.SD.mp4,Season 09/S09E02.JulietteBinoche-2002.10.27.ITAS.SD.mp4,False,334.70 MB,350956343,video/mp4,2026-05-11T14:36:23.375Z,00e7fc4d7be4b0af999afb466dcd303d,
1KYar_lvyppxg0LFjIMjG1PtapcD0YVBv,S09E01.SissySpacek-2002.10.06.ITAS.SD.mp4,Season 09/S09E01.SissySpacek-2002.10.06.ITAS.SD.mp4,False,362.91 MB,380540842,video/mp4,2026-05-11T14:36:17.417Z,bf8192d622f4daf195a0d1f2ff6601df,
1VOYCc0kLg0w8zHeOFQyHjwle14r85tMs,Season 08,Season 08,True,N/A,,application/vnd.google-apps.folder,2026-05-11T14:12:52.040Z,,
1WWEOmEqKg-zjP0pHW2k2HK4AFz3gtf6C,S08E07.StockardChanning-2002.01.27.ITAS.SD2.mp4,Season 08/S08E07.StockardChanning-2002.01.27.ITAS.SD2.mp4,False,38.09 MB,39938379,video/mp4,2026-08-16T00:41:00.000Z,a593618c99fcbe7040b3a913a6e5c9c4,
1hk8OMHcNNovp9KBqCNars8Au5DDCRdaE,S08E17.VanessaRedgrave-2002.08.04.ITAS.SD.mp4,Season 08/S08E17.VanessaRedgrave-2002.08.04.ITAS.SD.mp4,False,99.55 MB,104383799,video/mp4,2026-07-26T11:23:51.000Z,d14ee3d1fedb4d364a6eca8910e1f2eb,
1FPMIIzjqPqqUMOmiBzWubn3-Enpx165V,S08E07.StockardChanning-2002.01.27.ITAS.SD1.mp4,Season 08/S08E07.StockardChanning-2002.01.27.ITAS.SD1.mp4,False,159.29 MB,167028837,video/mp4,2026-07-26T11:23:43.000Z,361716bfc1790dfca95e2cedccceb840,
1mEGB5JE4MXvojI6TCuyYPmj__m7SdUee,S08E19.JohnnyDepp-2002.09.08.ITAS.SD.avi,Season 08/S08E19.JohnnyDepp-2002.09.08.ITAS.SD.avi,False,349.23 MB,366198784,video/avi,2026-05-11T14:33:08.748Z,144dd55f90e1714405d8727c9ddbaa40,
14ADzQsqtHNvoYIvsIrtQ02Ker21qD9oX,S08E18.BillyBobThornton-2002.08.18.ITAS.SD.avi,Season 08/S08E18.BillyBobThornton-2002.08.18.ITAS.SD.avi,False,366.33 MB,384122308,video/avi,2026-05-11T14:33:02.173Z,716eec2f73bb4c2e05de9c724eff19d8,
1xc18CbJkgc1Xg8ty4bUkCS5EwzupGKIU,S08E16.BenicioDelToro-2002.06.30.ITAS.SD.avi,Season 08/S08E16.BenicioDelToro-2002.06.30.ITAS.SD.avi,False,426.39 MB,447099334,video/avi,2026-05-11T14:32:55.371Z,267616270183cfbaa622ea4c575fd44b,
12HE1emwufg03wbu9l3BgRASp7-odJXez,S08E15.SamuelLJackson-2002.06.02.ITAS.SD.avi,Season 08/S08E15.SamuelLJackson-2002.06.02.ITAS.SD.avi,False,349.35 MB,366315520,video/avi,2026-05-11T14:32:47.130Z,d201f3c1af9b2002f25d108e2fcfc1fa,
1-jX_nQ07IL4qdkU3Kiutjz2cYXVkBuJ0,S08E14.HughGrant-2002.05.12.ITAS.SD.avi,Season 08/S08E14.HughGrant-2002.05.12.ITAS.SD.avi,False,336.46 MB,352809074,video/avi,2026-05-11T14:32:39.956Z,9ba794be211478dd70b9b4ddff54f83e,
1RLxgP6oPadod8-2WD7wHxxCoUNpxtdFM,S08E13.RichardGere-2002.05.05.ITAS.SD.avi,Season 08/S08E13.RichardGere-2002.05.05.ITAS.SD.avi,False,366.19 MB,383982120,video/avi,2026-05-11T14:32:33.303Z,a5d8caf56c6787ae309d8a7ba3bb3257,
1LBNtEwrwSpHGxA6lKgaGtr5iZRQ5upPu,S08E11.DennisQuaid-2002.04.07.ITAS.SD.avi,Season 08/S08E11.DennisQuaid-2002.04.07.ITAS.SD.avi,False,416.12 MB,436328618,video/avi,2026-05-11T14:32:26.682Z,a32a47ba35c25ad68979af4cf1b9702a,
1sLLhYzAdm6b_iNMsKBKNdyH3crGgZIgO,S08E10.BenKingsley-2002.03.17.ITAS.SD.avi,Season 08/S08E10.BenKingsley-2002.03.17.ITAS.SD.avi,False,349.47 MB,366450688,video/avi,2026-05-11T14:32:18.604Z,063c0103a46b510ad931e6a1cb2a5d00,
1DPuNARs_kGsMsCoFN4YEI_n6zbhuqzeu,S08E09.SarahJessicaParker-2002.03.03.ITAS.SD2.avi,Season 08/S08E09.SarahJessicaParker-2002.03.03.ITAS.SD2.avi,False,366.05 MB,383832422,video/avi,2026-05-11T14:32:11.964Z,cc30ef808f061841a460c4c7d0be9605,
13Qm5dZMS7nVmvKMngpTw29WS0u2kpd3d,S08E09.SarahJessicaParker-2002.03.03.ITAS.SD1.avi,Season 08/S08E09.SarahJessicaParker-2002.03.03.ITAS.SD1.avi,False,366.05 MB,383832422,video/avi,2026-05-11T14:32:04.602Z,cc30ef808f061841a460c4c7d0be9605,
1bxYO_-emHbXQNJiyb7LvA7mpq4rOkPvn,S08E07.StockardChanning-2002.01.27.ITAS.SD.mp4,Season 08/S08E07.StockardChanning-2002.01.27.ITAS.SD.mp4,False,158.71 MB,166421507,video/mp4,2026-05-11T14:31:57.716Z,772e632161b25ae8f8fee76022408fd5,
140W9lMnwfmqYlBRrD4zk9FRedUQZQNdf,S08E06.WillSmith-2002.01.13.ITAS.SD.avi,Season 08/S08E06.WillSmith-2002.01.13.ITAS.SD.avi,False,349.36 MB,366325760,video/avi,2026-05-11T14:31:54.770Z,f9af60e75a5356a83ed63cd6e5b8e408,
15D66_bwdZAxt6xJKZNdauJLxZC1sDCxX,S08E06.WillSmith-2002.01.13.ITAS.HD.mkv,Season 08/S08E06.WillSmith-2002.01.13.ITAS.HD.mkv,False,1.16 GB,1246673173,video/x-matroska,2026-05-11T14:31:47.870Z,3ea728099e7ed77bb5e0bd7d9ab5bd26,
1V-G4ueHndVS71PbPV_mkDkTQUg8j5Isa,S08E05.KevinCostner-2001.11.25.ITAS.SD.avi,Season 08/S08E05.KevinCostner-2001.11.25.ITAS.SD.avi,False,349.33 MB,366303232,video/avi,2026-05-11T14:31:25.525Z,db5fa69b3eeed12e4ab0a3459890d929,
1gTAQRfZBB0DgEPbBUXQbKzfmKrStMa0e,S08E04.BruceWillis-2001.10.28.ITAS.SD.mkv,Season 08/S08E04.BruceWillis-2001.10.28.ITAS.SD.mkv,False,138.24 MB,144957889,video/x-matroska,2026-05-11T14:31:18.163Z,2c47c793cb974f18631845a9c75ecad4,
1ANC3yjHLbhPioTUBgDc3LWfHuO58Q6VA,S08E02.GeneHackman-2001.10.14.ITAS.SD.mp4,Season 08/S08E02.GeneHackman-2001.10.14.ITAS.SD.mp4,False,223.28 MB,234127067,video/mp4,2026-05-11T14:31:15.575Z,fda50c621ea4a45ec4929be8ceaa38bc,
1mbFE9N0jSda1PK6xhAxbHHCps0nWG0AW,S08E01.BenStiller-2001.09.30.ITAS.SD.avi,Season 08/S08E01.BenStiller-2001.09.30.ITAS.SD.avi,False,342.55 MB,359188800,video/avi,2026-05-11T14:31:11.454Z,8fb00214ee90d1f37029c65f2506999d,
1_VTNLe3YsC2RQf7_k9R9Csc_g_WJ1-ty,Season 07,Season 07,True,N/A,,application/vnd.google-apps.folder,2026-05-11T14:12:51.149Z,,
1JyQI4VMwqUJypnnyMk5_eFB0DtocdyEO,S07E18.BurtReynolds-2001.08.06.ITAS.SD.mp4,Season 07/S07E18.BurtReynolds-2001.08.06.ITAS.SD.mp4,False,142.47 MB,149388147,video/mp4,2026-07-26T11:23:19.000Z,3fdd65ad9d74971deced8c5dcf80c2c0,
1GmbS5xCeCXQi2Bq4DtXAQkoKI6g3k9Rz,S07E16.MelanieGriffith-2001.07.15.ITAS.SD.mp4,Season 07/S07E16.MelanieGriffith-2001.07.15.ITAS.SD.mp4,False,358.48 MB,375891949,video/mp4,2026-05-11T14:30:34.327Z,01c5e8871aab393fdac9c8f721cb7bb1,
1qXLaidYdCUmkBT2YMCMeBnZzG9ErWwd-,S07E15.RobinWilliams-2001.06.10.ITAS.SD3.mp4,Season 07/S07E15.RobinWilliams-2001.06.10.ITAS.SD3.mp4,False,417.63 MB,437919947,video/mp4,2026-05-11T14:30:28.008Z,fdfe56a9aa1ae4baccb061f4c4d55405,
18DLtG0HCgOlvOM_Hzgm0qPOEGMjlwz9V,S07E15.RobinWilliams-2001.06.10.ITAS.SD2.mp4,Season 07/S07E15.RobinWilliams-2001.06.10.ITAS.SD2.mp4,False,1.47 GB,1583287313,video/mp4,2026-05-11T14:30:19.691Z,d032b8de170ee4916c359cf0534c09d4,
1oTZ1JR5uZb6bVo-tYYKzoUxSzpJlvRtm,S07E15.RobinWilliams-2001.06.10.ITAS.SD1.mp4,Season 07/S07E15.RobinWilliams-2001.06.10.ITAS.SD1.mp4,False,773.19 MB,810747792,video/mp4,2026-05-11T14:29:52.352Z,37f47b14eceafd5d7b3d8fb8f06d83d7,
1nLi6Hj6BNRZ0PaSfPynTsv3VdYN8AqJp,S07E15.RobinWilliams-2001.06.10.ITAS.SD.mp4,Season 07/S07E15.RobinWilliams-2001.06.10.ITAS.SD.mp4,False,781.71 MB,819683861,video/mp4,2026-05-11T14:29:37.820Z,afada09b93220ba5243a3bb731e2be70,
1pkdbvw_-Ef5pDefSovsgwKDViw2oHtAN,S07E15.RobinWilliams-2001.06.10.ITAS.HD.mp4,Season 07/S07E15.RobinWilliams-2001.06.10.ITAS.HD.mp4,False,1.48 GB,1588837703,video/mp4,2026-05-11T14:29:23.515Z,82705c8ecae743b407c3e4501d5202bd,
1Xjpi8Faa1Gb-KXaFdkYZpgxADVHpYqLj,S07E14.FrancisFordCoppola-2001.05.06.ITAS.SD.mp4,Season 07/S07E14.FrancisFordCoppola-2001.05.06.ITAS.SD.mp4,False,479.12 MB,502393785,video/mp4,2026-05-11T14:28:56.457Z,636339f955a91216670ac377260d49ff,
1QCKP1BsnAQ9h4FeDOmxEMqIlyGH59suJ,S07E13.HelenHunt-2001.04.15.ITAS.SD.mp4,Season 07/S07E13.HelenHunt-2001.04.15.ITAS.SD.mp4,False,331.89 MB,348015440,video/mp4,2026-05-11T14:28:48.089Z,00f9d6f03c897a482616ac56a47ccddd,
12B9Aj7myVnB07VlUJ0QrQjWX-TnagNcK,S07E08.BenAffleck-2001.01.14.ITAS.SD.mp4,Season 07/S07E08.BenAffleck-2001.01.14.ITAS.SD.mp4,False,479.80 MB,503107397,video/mp4,2026-05-11T14:28:42.010Z,9631196257b4f37bad4e079da66a13aa,
1VskuzdIQQJBE18V0rgDuKZJYoPuWLVKX,S07E07.EdHarris-2000.12.17.ITAS.SD2.mp4,Season 07/S07E07.EdHarris-2000.12.17.ITAS.SD2.mp4,False,119.20 MB,124990287,video/mp4,2026-05-11T14:28:33.197Z,1094b94d519f386ba012dabf36ab5140,
1kD9TzSA5WZqVgDBH9kSFx-eNGZVa-4Ke,S07E07.EdHarris-2000.12.17.ITAS.SD1.mp4,Season 07/S07E07.EdHarris-2000.12.17.ITAS.SD1.mp4,False,378.42 MB,396801294,video/mp4,2026-05-11T14:28:30.936Z,195d509e68bda0d558a9b07f7a66832b,
1p-o_CDqK4biHM5Nq-P7wq4lckox6qTXQ,S07E06.SpikeLee-2000.12.17.ITAS.SD.mp4,Season 07/S07E06.SpikeLee-2000.12.17.ITAS.SD.mp4,False,348.41 MB,365339319,video/mp4,2026-05-11T14:28:23.470Z,1a87401fd57ef745504e30c9d0fda5bf,
1wNaeg6gb9goBxH-BbWaLu0BlGEUsudWV,S07E05.GabrielByrne-2000.12.10.ITAS.SD.mp4,Season 07/S07E05.GabrielByrne-2000.12.10.ITAS.SD.mp4,False,478.48 MB,501727567,video/mp4,2026-05-11T14:28:17.716Z,474230bb55a7455ea019cf3731106c8a,
1iKPLo01aOxhgVdLIBbpGBrBjgbmWAEc-,S07E04.RichardDreyfuss-2000.12.03.ITAS.SD.mp4,Season 07/S07E04.RichardDreyfuss-2000.12.03.ITAS.SD.mp4,False,474.76 MB,497821038,video/mp4,2026-05-11T14:28:09.381Z,6f467ea530d4e89a27fbf76de8343cb5,
1Tr8CMWF_iqNsVXA0Lm1r3ISDDGD2Y9fX,S07E03.JamesCaan-2000.11.19.ITAS.SD.mp4,Season 07/S07E03.JamesCaan-2000.11.19.ITAS.SD.mp4,False,95.75 MB,100404266,video/mp4,2026-05-11T14:28:00.400Z,3afef1e3975ec0e6654069a6e7257d89,
15wYBJwDMui1axBezxzUQtgthJ0t_Db8D,S07E02.ValKilmer-2000.11.16.ITAS.SD2.mp4,Season 07/S07E02.ValKilmer-2000.11.16.ITAS.SD2.mp4,False,391.88 MB,410913544,video/mp4,2026-05-11T14:27:57.578Z,3efde46e0e944cadad2073515f539de8,
1IB_n1wsjAGUEiOHlZYqie-Um1eHieIJu,S07E02.ValKilmer-2000.11.16.ITAS.SD1.mp4,Season 07/S07E02.ValKilmer-2000.11.16.ITAS.SD1.mp4,False,364.20 MB,381887388,video/mp4,2026-05-11T14:27:50.762Z,b9bab2303d389b77f237a193d8c3ad49,
1eFf9uNbVlkqsjhremx_eR6gj6tEBi2MY,S07E01.BernadettePeters-2000.11.12.ITAS.SD.mp4,Season 07/S07E01.BernadettePeters-2000.11.12.ITAS.SD.mp4,False,195.03 MB,204501646,video/mp4,2026-05-11T14:27:43.839Z,111d38b9704969c02190d90c2d2f8d01,
1dTbPyAlrdJarWTYWrW-siCqoxYIWyKQb,Season 06,Season 06,True,N/A,,application/vnd.google-apps.folder,2026-05-11T14:12:50.150Z,,
11aWbWJ1dlih8OP1_5vW4J7qSlF4VvZ6V,S06E10.PhilipSeymourHoffman-2000.06.04.ITAS.SD.mp4,Season 06/S06E10.PhilipSeymourHoffman-2000.06.04.ITAS.SD.mp4,False,1.18 GB,1267433950,video/mp4,2026-09-28T09:38:19.892Z,2256bdb8f63348eae613cbe3700bf15d,
167aHkv15pI0RuQ_SOyG9vW3yMLTB91Pn,S06E13.SigourneyWeaver-2000.10.29.ITAS.SD.mp4,Season 06/S06E13.SigourneyWeaver-2000.10.29.ITAS.SD.mp4,False,612.23 MB,641972829,video/mp4,2026-08-27T02:59:33.000Z,30881aa8bf9253f52d0c647a4c68afac,
1lPDjffhLjyFG7xINA7D9ykXMasxBZfm4,S06E12.HarrisonFord-2000.08.20.ITAS.SD.mp4,Season 06/S06E12.HarrisonFord-2000.08.20.ITAS.SD.mp4,False,346.77 MB,363618677,video/mp4,2026-05-11T14:26:54.731Z,a971fde571219ed5332afd36b552be7d,
1s-PzP859u9gUwtVOQLpvtw8I4rynkwaY,S06E11.AlanAlda-2000.08.06.ITAS.SD.mp4,Season 06/S06E11.AlanAlda-2000.08.06.ITAS.SD.mp4,False,346.78 MB,363624754,video/mp4,2026-05-11T14:26:48.174Z,06db0d215657f42d14920fa06f567cd3,
1DE28sHorTPa0o7SCf6Sdx-VIvGOndQ5o,S06E09.KevinSpacey-2000.07.02.ITAS.SD.mp4,Season 06/S06E09.KevinSpacey-2000.07.02.ITAS.SD.mp4,False,347.56 MB,364440665,video/mp4,2026-05-11T14:26:40.835Z,b2d30b58511fc42120b9fa334bb92a46,
1TVMOvzvx5-BSMpfHME7CMdWYHtS2Xa6H,S06E08.AndyGarcia-2000.05.07.ITAS.SD.mp4,Season 06/S06E08.AndyGarcia-2000.05.07.ITAS.SD.mp4,False,349.74 MB,366730519,video/mp4,2026-05-11T14:26:34.223Z,8d776d4ec977280a10674ae67ddd42b9,
1sMjWcyBvrCh3U2tVSaMG9H_-F1GCuIIw,S06E07.JamesWoods-2000.04.30.ITAS.SD.mp4,Season 06/S06E07.JamesWoods-2000.04.30.ITAS.SD.mp4,False,93.35 MB,97889464,video/mp4,2026-05-11T14:26:27.578Z,38b610b97f3b4e50961e54a302e10d4f,
1GJenz8WljXCf6lTp4Pxg7s7OGDM1SU2p,S06E06.GeenaDavis-2000.04.09.ITAS.SD.mp4,Season 06/S06E06.GeenaDavis-2000.04.09.ITAS.SD.mp4,False,349.86 MB,366855404,video/mp4,2026-05-11T14:26:25.408Z,8c68796bf6eed6870448856067829a1d,
1a6Wy21RIW-z5vQpnWggWE2GBnKauGUNt,S06E05.MichaelCaine-2000.01.09.ITAS.SD.mp4,Season 06/S06E05.MichaelCaine-2000.01.09.ITAS.SD.mp4,False,349.66 MB,366644733,video/mp4,2026-05-11T14:26:18.789Z,dfc6b7331cb544bc7b09fa98dcb9c630,
1WenCXVDqG30lSU7ol_qLAYXF-8M-R_WF,S06E04.TomHanks-1999.12.12.ITAS.SD2.mp4,Season 06/S06E04.TomHanks-1999.12.12.ITAS.SD2.mp4,False,347.57 MB,364449928,video/mp4,2026-05-11T14:26:11.982Z,325ddcaf8d85d08deeaa3e70eb893ee6,
1sYMVNimFxfhleRk3M5AkoodtP5ZsXs5H,S06E04.TomHanks-1999.12.12.ITAS.SD1.mp4,Season 06/S06E04.TomHanks-1999.12.12.ITAS.SD1.mp4,False,202.88 MB,212739052,video/mp4,2026-05-11T14:26:04.698Z,c3739819b147cf2795e23c4803b375f1,
1QMvvSQoJdzMhFKNhz6qUzPRbGaZ5KLqC,S06E03.SylvesterStallone-1999.12.05.ITAS.SD.mp4,Season 06/S06E03.SylvesterStallone-1999.12.05.ITAS.SD.mp4,False,350.72 MB,367756504,video/mp4,2026-05-11T14:26:00.701Z,b3c5a5f073c260aacabbc9f5b1261929,
1almYFc16mAMAzJj3sezjguIH01w1XlyW,S06E01.BillyJoel-1999.11.14.ITAS.SD.mp4,Season 06/S06E01.BillyJoel-1999.11.14.ITAS.SD.mp4,False,216.19 MB,226690951,video/mp4,2026-05-11T14:25:53.852Z,5092b664322bd9a677eeda9f63fe5efe,
1ZP_VV2PGcxdFt6n35sBKtF5YUo_JdvKc,Season 05,Season 05,True,N/A,,application/vnd.google-apps.folder,2026-05-11T14:12:49.212Z,,
1oJvxxJ1JJ2wsY1OiLgq_7JxVLcMzNBs9,S05E11.JenniferJasonLeigh-1999.07.11.ITAS.SD.mp4,Season 05/S05E11.JenniferJasonLeigh-1999.07.11.ITAS.SD.mp4,False,439.60 MB,460948827,video/mp4,2026-08-27T02:56:47.000Z,3320dbb8d5d78a8dc03e89404f695523,
1uGopyIKe4mnyKNAdq0OFay2h_gYKQcUt,S05E15.JerryLewis-1999.08.15.ITAS.SD.mp4,Season 05/S05E15.JerryLewis-1999.08.15.ITAS.SD.mp4,False,351.90 MB,368990658,video/mp4,2026-05-11T14:24:16.239Z,cc295a4981e970a6f92d830998ba251c,
1b5HXsfmiIn_LvuSpJOgHEQ3WFkW08M8b,S05E14.PeterFalk-1999.08.08.ITAS.SD.mp4,Season 05/S05E14.PeterFalk-1999.08.08.ITAS.SD.mp4,False,221.75 MB,232518964,video/mp4,2026-05-11T14:24:09.910Z,7d1c5f6add3a81949001e5d9badd7e89,
1pdZ1rcrR2V7iZuGwTWgfGPt9BzZ-kJYN,S05E12.KimBasinger-1999.07.18.ITAS.SD.mp4,Season 05/S05E12.KimBasinger-1999.07.18.ITAS.SD.mp4,False,101.89 MB,106835978,video/mp4,2026-05-11T14:24:05.461Z,4f4018394d410e9c7dc83ad16066a052,
1verZfPUhkDxhL0XFMTWHVHzzeK8BA0Gl,S05E10.TimRobbins-1999.07.05.ITAS.SD.mp4,Season 05/S05E10.TimRobbins-1999.07.05.ITAS.SD.mp4,False,95.04 MB,99660754,video/mp4,2026-05-11T14:24:03.171Z,b0d24afd5e08561475a976256e233a48,
1xxKtGq8CFpQdIq75sG1ifhQ2gFiTWdV8,S05E09.StevenSpielberg-1999.02.14.ITAS.SD.mp4,Season 05/S05E09.StevenSpielberg-1999.02.14.ITAS.SD.mp4,False,210.58 MB,220805177,video/mp4,2026-05-11T14:24:01.240Z,77f23eece450a60e04fb5bd664ecba52,
1so8JozSLrM--7bL0oiR-w_0Hbmp-PchA,S05E08.RobertDeNiro-1999.01.31.ITAS.SD2.mp4,Season 05/S05E08.RobertDeNiro-1999.01.31.ITAS.SD2.mp4,False,315.22 MB,330527703,video/mp4,2026-05-11T14:23:56.998Z,f34595d5151a475ac6a30d223d16a485,
1VEEPfLX2yHNqDjhzIR0e4Df_db3fm49K,S05E08.RobertDeNiro-1999.01.31.ITAS.SD1.mp4,Season 05/S05E08.RobertDeNiro-1999.01.31.ITAS.SD1.mp4,False,397.80 MB,417122421,video/mp4,2026-05-11T14:23:51.698Z,9f554ac31ab596b7446ede4d255d137e,
1nr9BXf27DHqOvbqD1tKbN1jTk2b-nuUd,S05E07.SeanPenn-1999.01.17.ITAS.SD2.mp4,Season 05/S05E07.SeanPenn-1999.01.17.ITAS.SD2.mp4,False,349.48 MB,366457854,video/mp4,2026-05-11T14:23:44.187Z,3af4e2f82605c40d1237256f2ef49d4c,
1IaQZA7U9dV0o1-hoeYDPe1Tp88CgPl1s,S05E07.SeanPenn-1999.01.17.ITAS.SD1.mp4,Season 05/S05E07.SeanPenn-1999.01.17.ITAS.SD1.mp4,False,397.76 MB,417081276,video/mp4,2026-05-11T14:23:36.730Z,21784ec9fa7d3a467ae65c336482c6b8,
1QPaykeyyMnIonzZHR9XdrVfc0DVgq7LC,S05E06.SharonStone-1999.01.10.ITAS.SD.mp4,Season 05/S05E06.SharonStone-1999.01.10.ITAS.SD.mp4,False,108.74 MB,114019653,video/mp4,2026-05-11T14:23:28.727Z,0d2a798ea80372f4dcc6c74a14cbaf52,
1JJzMLFVWralwg7BHGvgS-zSEAPt170q2,S05E05.RonHoward-1999.01.03.ITAS.SD.mp4,Season 05/S05E05.RonHoward-1999.01.03.ITAS.SD.mp4,False,349.63 MB,366611383,video/mp4,2026-05-11T14:23:26.402Z,668ff800fdf258bf465a23d35074e1aa,
1ie_-WMU0zHTsY8kftydYa9Tq674aVBcB,S05E01.MerylStreep-1998.11.22.ITAS.SD.mp4,Season 05/S05E01.MerylStreep-1998.11.22.ITAS.SD.mp4,False,101.36 MB,106288648,video/mp4,2026-05-11T14:23:20.039Z,5c72437834e90946cfd5728de3da13a4,
1o0aEsVfVY1jPF2mZG_j-4eWA8VknJNbD,Season 04,Season 04,True,N/A,,application/vnd.google-apps.folder,2026-05-11T14:12:48.456Z,,
1HszWHr4tN-bC65QdqnTkpz7AMcRcf6Vq,S04E10.JackLemmon-1998.10.25.ITAS.SD.mp4,Season 04/S04E10.JackLemmon-1998.10.25.ITAS.SD.mp4,False,100.61 MB,105502080,video/mp4,2026-07-26T11:22:32.000Z,ec1778c07e4250aa2d88f0061355fb57,
1ggxZPzHp9fTdER_kBFapnaKSbRVejyyi,S04E11.GarySinise-1998.11.01.ITAS.SD.mp4,Season 04/S04E11.GarySinise-1998.11.01.ITAS.SD.mp4,False,166.25 MB,174324861,video/mp4,2026-05-11T14:22:46.580Z,943dddbba37153e9a9c24a04afd13fbb,
1zJqDZAtHVBPiirpUyMKnKoZBLZ-s6lhV,S04E09.WhoopiGoldberg-1998.10.18.ITAS.SD.mp4,Season 04/S04E09.WhoopiGoldberg-1998.10.18.ITAS.SD.mp4,False,372.18 MB,390255367,video/mp4,2026-05-11T14:22:43.182Z,c87eab29d0465105e1d99cc2152d848d,
1x5gc7Zm7aXLERJTfqwmcxIMYUe397bQA,S04E08.DannyGlover-1998.10.11.ITAS.SD.mp4,Season 04/S04E08.DannyGlover-1998.10.11.ITAS.SD.mp4,False,349.76 MB,366748371,video/mp4,2026-05-11T14:22:31.151Z,1580ba4d4e7aa100dba5d125f6b7e7a1,
1-gsctvNUi1ZxGCDZxRoGSo5xext8uaHJ,S04E07.AnthonyHopkins-1998.10.04.ITAS.SD2.mp4,Season 04/S04E07.AnthonyHopkins-1998.10.04.ITAS.SD2.mp4,False,126.96 MB,133122220,video/mp4,2026-05-11T14:22:22.800Z,ba434e3ab3f96a76cacc1a46e7e82fa1,
1O74YAXUWXayG4Hg0JfYssKitCjbhryXS,S04E07.AnthonyHopkins-1998.10.04.ITAS.SD1.mp4,Season 04/S04E07.AnthonyHopkins-1998.10.04.ITAS.SD1.mp4,False,347.10 MB,363962040,video/mp4,2026-05-11T14:22:20.345Z,24968a0643f68518f574b4c892704aae,
12QKtjTk2fQpCt5wlKwhM9IXxuU1kYDOo,S04E01.HarveyKeitel-1998.08.09.ITAS.SD.mp4,Season 04/S04E01.HarveyKeitel-1998.08.09.ITAS.SD.mp4,False,274.18 MB,287499826,video/mp4,2026-05-11T14:22:10.185Z,452f54bda51078a23dc13d4d21332150,
1CFjXVKTbrvH-rxy4-NF6DnsPWxgBjFyr,Season 03,Season 03,True,N/A,,application/vnd.google-apps.folder,2026-05-11T14:12:47.705Z,,
1Ve0XES2E1ncuiQ6FL0w3SnXxQ56ObjGA,S03E11.AnthonyQuinn-1996.05.19.ITAS.SD.mp4,Season 03/S03E11.AnthonyQuinn-1996.05.19.ITAS.SD.mp4,False,809.43 MB,848749658,video/mp4,2026-09-06T19:07:03.000Z,c90b50a9953df0b7055ea63b01dc66d5,
1da_nO9xKj1zz_M3i3hqgj_DqdlTguoFt,S03E09.JuliaRoberts-1996.05.05.ITAS.SD.mp4,Season 03/S03E09.JuliaRoberts-1996.05.05.ITAS.SD.mp4,False,177.74 MB,186369049,video/mp4,2026-05-11T14:20:11.598Z,2b634d296e2c17f9786d342409ff0348,
1cWR5-zqcNx9pwrRo4oDgkHa6jGyO0GcY,S03E07.TommyLeeJones-1996.04.21.ITAS.SD.mp4,Season 03/S03E07.TommyLeeJones-1996.04.21.ITAS.SD.mp4,False,1.06 GB,1133927435,video/mp4,2026-05-11T14:20:07.828Z,81c7ec103e1fb460b2e0246036aa9a9b,
1lxJA6N7JE3wboc9LD1-ETZe_GMI4SkpW,S03E04.AnjelicaHuston-1996.03.31.ITAS.S.mp4,Season 03/S03E04.AnjelicaHuston-1996.03.31.ITAS.S.mp4,False,935.00 MB,980415522,video/mp4,2026-05-11T14:19:45.602Z,d0d2bbe82338e3ba28f7af924f607777,
1y10_nguEicRccJ95T7lIXWQ0GfSHABBt,Season 02,Season 02,True,N/A,,application/vnd.google-apps.folder,2026-05-11T14:12:46.990Z,,
1zLYoeZWmeM8XHq-LR7j5UjwjhNMWZizu,S02E12.MartinLandau-1995.05.28.ITAS.SD.mp4,Season 02/S02E12.MartinLandau-1995.05.28.ITAS.SD.mp4,False,955.39 MB,1001802605,video/mp4,2026-05-11T14:18:54.456Z,06404bb3dd0754eaef67f4185736c6d8,
1M60KUgGSMAVbY7gtd_OcQWN9AHS2ponC,S02E09.ChristopherWalken-1995.05.07.ITAS.SD2.mp4,Season 02/S02E09.ChristopherWalken-1995.05.07.ITAS.SD2.mp4,False,143.83 MB,150821690,video/mp4,2026-05-11T14:18:39.734Z,8e269321848fd47f887a445ab56a8785,
17y3JAcjJBILnrbbVCHLEmYZMNVb6sRaM,S02E09.ChristopherWalken-1995.05.07.ITAS.SD1.mp4,Season 02/S02E09.ChristopherWalken-1995.05.07.ITAS.SD1.mp4,False,247.78 MB,259819443,video/mp4,2026-05-11T14:18:37.530Z,5aba3afbc8df3bfd162c43fbff1ab420,
1FCNGC074u0JCQStT_46fsj7cEf5BmDU1,S02E07.JessicaLange-1995.04.23.ITAS.SD.mp4,Season 02/S02E07.JessicaLange-1995.04.23.ITAS.SD.mp4,False,163.04 MB,170964598,video/mp4,2026-05-11T14:18:33.135Z,1054b5fc7508b0e99fb1e121409c8283,
1OQS5RyURWBa-i4t5hjkXBlh5SnYM46K6,S02E04.GlennClose-1995.04.02.ITAS.SD.mp4,Season 02/S02E04.GlennClose-1995.04.02.ITAS.SD.mp4,False,577.56 MB,605611759,video/mp4,2026-05-11T14:18:30.543Z,b1ac10d6908f9041bc6a3c3676f760d6,
1J-NvJBb3hJzpq2LKWhmx6joMLppKJSH9,S02E03.MatthewBroderick-1995.03.26.ITAS.SD.mp4,Season 02/S02E03.MatthewBroderick-1995.03.26.ITAS.SD.mp4,False,112.15 MB,117596927,video/mp4,2026-05-11T14:18:21.012Z,c7825262a516ecf6de861e8d3c6d6c66,
1UC2Y67SyGP6eb0C8D9ocFOzkWCwb0OZN,S02E02.FayeDunaway-1995.03.19.ITAS.SD.mp4,Season 02/S02E02.FayeDunaway-1995.03.19.ITAS.SD.mp4,False,571.29 MB,599045833,video/mp4,2026-05-11T14:18:19.226Z,faa811e17f340dbad2c3ac7cb86247fd,
1kf96fN_23LzIAXw_0ScPT78OzQBm926k,S02E01.LeeGrant-1995.03.12.ITAS.SD.mp4,Season 02/S02E01.LeeGrant-1995.03.12.ITAS.SD.mp4,False,149.34 MB,156592519,video/mp4,2026-05-11T14:18:09.951Z,56c9dc02b60be580f61c2c6c46152c6f,
1qZasOBtLj9NongFdUoI6h_aElSljxhNo,Season 01,Season 01,True,N/A,,application/vnd.google-apps.folder,2026-05-11T14:12:45.902Z,,
1u4RJvQsyWU1UyCUw2GvGcvJZMq-8RMLs,S01E12.SydneyPollack-1994.08.28.ITAS.SD.mp4,Season 01/S01E12.SydneyPollack-1994.08.28.ITAS.SD.mp4,False,681.90 MB,715022056,video/mp4,2026-08-27T09:30:27.000Z,0a7e6693ecefc6bb4a8ea2f2a92f0d81,
16_r9rCROs9lAA7KK43r1ogoBKVSKCl48,S01E11.NeilSimon-1994.08.21.ITAS.SD.mp4,Season 01/S01E11.NeilSimon-1994.08.21.ITAS.SD.mp4,False,913.47 MB,957841139,video/mp4,2026-05-11T14:17:29.865Z,54f1cae09378e6f88e96c8c3be6af3fd,
1gdD6zhGZQpQAWVb2zdJCm3NbTimKxK8K,S01E09.ArthurPenn-1994.08.07.ITAS.SD.mp4,Season 01/S01E09.ArthurPenn-1994.08.07.ITAS.SD.mp4,False,372.25 MB,390333210,video/mp4,2026-05-11T14:17:12.067Z,8f3358e54d3f491593587fbb149d301b,
1z4DkYky7Qd3FdUtK1FWmT6xUP3jRkkBy,S01E07.DennisHopper-1994.07.23.ITAS.SD3.mp4,Season 01/S01E07.DennisHopper-1994.07.23.ITAS.SD3.mp4,False,113.68 MB,119203678,video/mp4,2026-05-11T14:17:04.409Z,df36dfdc223c4bb6f34ee0375c2fd272,
1jqRfQA09mC_9xWmtQs9hTmmjUboQsyw9,S01E07.DennisHopper-1994.07.23.ITAS.SD2.mp4,Season 01/S01E07.DennisHopper-1994.07.23.ITAS.SD2.mp4,False,375.58 MB,393827218,video/mp4,2026-05-11T14:17:02.036Z,ea7e394504650f3ed0060c942f9b21f0,
1HjiVluhxQdrsoaGIF0eVLDnJnYF-aGxQ,S01E07.DennisHopper-1994.07.23.ITAS.SD1.mp4,Season 01/S01E07.DennisHopper-1994.07.23.ITAS.SD1.mp4,False,564.30 MB,591709162,video/mp4,2026-05-11T14:16:54.998Z,8481c96678aee2db7b5e7995ac08af02,
1-7oc7o2AEtLK8q2WHzZPKsYiTwXOtIhQ,S01E06.SallyField-1994.07.18.ITAS.SD.mp4,Season 01/S01E06.SallyField-1994.07.18.ITAS.SD.mp4,False,244.71 MB,256602174,video/mp4,2026-05-11T14:16:44.412Z,c1cd92ddd9873986985fa007c43745bc,
13XcKX9k5ZiVIRYZtZ5RzYZMqsG07vyyI,S01E03.StephenSondheim-1994.06.22.ITAS.SD.mp4,Season 01/S01E03.StephenSondheim-1994.06.22.ITAS.SD.mp4,False,303.57 MB,318312946,video/mp4,2026-05-11T14:16:39.124Z,4fb6db2bb48052803599dd7735b7850f,
1UhCfX8UshfJUY9tWOsTpkTVKqoLvBFPJ,S01E02.AlecBaldwin-1994.06.18.ITAS.SD-incomplete.mp4,Season 01/S01E02.AlecBaldwin-1994.06.18.ITAS.SD-incomplete.mp4,False,358.70 MB,376129337,video/mp4,2026-05-11T14:16:32.415Z,6c84e7f1e57cf78c80c50366ec9ef948,
15BKNNKmbyTtfoZKMJ3bLvYvIw21HpR8Z,S01E01.PaulNewman-1994.06.12.ITAS.SD.mp4,Season 01/S01E01.PaulNewman-1994.06.12.ITAS.SD.mp4,False,697.02 MB,730876481,video/mp4,2026-05-11T14:16:25.022Z,3fc30304e24860714f7ac51350f34f84,
1p6AmttVNDhuI_P9iuXRpb93LTa4zKpZ9,S01E01.PaulNewman-1994.06.12.ITAS.HD.mp4,Season 01/S01E01.PaulNewman-1994.06.12.ITAS.HD.mp4,False,998.84 MB,1047359828,video/mp4,2026-05-11T14:16:11.775Z,f0b9ebe71fce8a716b6c6a27dfcf0ff7,
1LPMnhguddzgsfrOqtOYz-PnVjbxnDMtS,Season 00,Season 00,True,N/A,,application/vnd.google-apps.folder,2026-05-11T14:12:45.151Z,,
1_clYa1FTISnKar31KtizJ9lWwTiU8xAr,S00E53.DVDIntroduction.ITAS.SD.mp4,Season 00/S00E53.DVDIntroduction.ITAS.SD.mp4,False,107.40 MB,112619820,video/mp4,2026-05-11T14:15:22.965Z,6d6284a736f84a7d09a1fb517e37c2cf,
1XfcuY29UywxPvRWYsydMnd40sYRtvSKr,S00E36.PaulNewman-1994.08.14.DeletedScenes#4.ITAS.SD.mp4,Season 00/S00E36.PaulNewman-1994.08.14.DeletedScenes#4.ITAS.SD.mp4,False,78.72 MB,82545495,video/mp4,2026-05-11T14:15:20.867Z,b8dc0a2e9eb91f5ed0bf306edefd4865,
1PmnHagrDg4YD86mv6Dq9dSrspFZrxE-Z,S00E35.PaulNewman-1994.08.14.DeletedScenes#3.ITAS.SD.mp4,Season 00/S00E35.PaulNewman-1994.08.14.DeletedScenes#3.ITAS.SD.mp4,False,60.01 MB,62928048,video/mp4,2026-05-11T14:15:19.432Z,e329c3ee4f209f81f3345173ac948ea6,
1-LpbcFeZrC1wj9nMePlYnfF3vfMAGVfm,S00E34.PaulNewman-1994.08.14.DeletedScenes#2.ITAS.SD.mp4,Season 00/S00E34.PaulNewman-1994.08.14.DeletedScenes#2.ITAS.SD.mp4,False,31.69 MB,33231018,video/mp4,2026-05-11T14:15:18.245Z,522b98bb5483e89b4771f707b22762e2,
1q0i2tJbgvEqxLUucfEa9I8a4229nxzC3,S00E33.PaulNewman-1994.08.14.DeletedScenes#1.ITAS.SD.mp4,Season 00/S00E33.PaulNewman-1994.08.14.DeletedScenes#1.ITAS.SD.mp4,False,34.24 MB,35906678,video/mp4,2026-05-11T14:15:17.555Z,8f47187bf539e727c54da4f3f854744b,
1pRYX3JOgepiyd7N-EoTtiPWZTI_APHH-,S00E09-E15.RobinWilliamsExtrasCombined.ITAS.SD.mp4,Season 00/S00E09-E15.RobinWilliamsExtrasCombined.ITAS.SD.mp4,False,228.81 MB,239922011,video/mp4,2026-05-11T14:15:16.833Z,043c411eef90af6f84a7f1093a3264bd,
1RySLuO2MbdmEknVgSMvAgpuRyWw5Rak8,S00E08.200thEpisodeHostedByDaveChappelle-2008.11.11.ITAS.SD.mp4,Season 00/S00E08.200thEpisodeHostedByDaveChappelle-2008.11.11.ITAS.SD.mp4,False,698.22 MB,732140673,video/mp4,2026-05-11T14:15:12.164Z,6e1c63443b19f715900fe8f45c1c6d4a,
1bvhpqnqe9H-1-974qTTtaz3VuD1KoZ9a,S00E07.RobertDeNiro.DeletedScenes#4.ITAS.SD.mp4,Season 00/S00E07.RobertDeNiro.DeletedScenes#4.ITAS.SD.mp4,False,32.60 MB,34180280,video/mp4,2026-05-11T14:14:58.473Z,355d40efdbf42b86069ff4aff0644a4d,
1VH9xOSjmOEoVKnsMEV0JSXzMvfdVgcQt,S00E06.RobertDeNiro.DeletedScenes#3.ITAS.SD.mp4,Season 00/S00E06.RobertDeNiro.DeletedScenes#3.ITAS.SD.mp4,False,19.68 MB,20636891,video/mp4,2026-05-11T14:14:57.733Z,f9317cebb9aa4d1f67c2e7e2af816885,
1uK0Ls3Xo0cae5-m-4uP9_uL2qlACjavU,S00E05.RobertDeNiro.DeletedScenes#2.ITAS.SD.mp4,Season 00/S00E05.RobertDeNiro.DeletedScenes#2.ITAS.SD.mp4,False,48.52 MB,50881307,video/mp4,2026-05-11T14:14:57.232Z,b44e0d1fd462fd6f90a7e96200bd979d,
1ETIRdakEufpFkRgni0LBd3t9BjTQT9yc,S00E04.RobertDeNiro.DeletedScenes#1.ITAS.SD.mp4,Season 00/S00E04.RobertDeNiro.DeletedScenes#1.ITAS.SD.mp4,False,22.68 MB,23786221,video/mp4,2026-05-11T14:14:56.129Z,c096ff0455feb60378949c5544315b26,
11UaI0JqCZpDlFXr4gnyqPXRK28HtoCVM,S00E03.50YearCelebration.ITAS.SD.mp4,Season 00/S00E03.50YearCelebration.ITAS.SD.mp4,False,393.26 MB,412363805,video/mp4,2026-05-11T14:14:55.582Z,eff497d80728a577a5c964083e4f517b,
1mHbc5DZMdt7p0qsYWl5XyZJHKIIZBbhv,S00E02.100thEpisode-2001.08.19.ITAS.SD.mp4,Season 00/S00E02.100thEpisode-2001.08.19.ITAS.SD.mp4,False,345.97 MB,362780654,video/mp4,2026-05-11T14:14:47.787Z,cd72323b4650027a8175d3abff2694e7,
